SID,Level,WORD,POS,WORD,Vowel_Type,Stressed_Vowel
1,C,abolish,v.,abolish,Monophthong,/ ɑ /
2,C,abortion,n.,abortion,Monophthong,/ ɔ /
3,C,absence,n.,absence,Monophthong,/ æ /
4,C,absent,adj.,absent,Monophthong,/ æ /
5,C,absurd,adj.,absurd,Monophthong,/ ɝ /
6,C,abundance,n.,abundance,Monophthong,/ ʌ /
7,C,abuse,n.,abuse,Monophthong,/ u /
8,C,abuse,v.,abuse,Monophthong,/ u /
9,C,academy,n.,academy,Monophthong,/ æ /
10,C,accelerate,v.,accelerate,Monophthong,/ ɛ /
11,C,acceptance,n.,acceptance,Monophthong,/ ɛ /
12,C,accessible,adj.,accessible,Monophthong,/ ɛ /
13,C,accomplishment,n.,accomplishment,Monophthong,/ ɑ /
14,C,accordance,n.,accordance,Monophthong,/ ɔ /
15,C,accordingly,adv.,accordingly,Monophthong,/ ɔ /
16,C,accountability,n.,accountability,Monophthong,/ ɪ /
17,C,accountable,adj.,accountable,Diphthong,/ aʊ /
18,C,accumulate,v.,accumulate,Monophthong,/ u /
19,C,accumulation,n.,accumulation,Diphthong,/ eɪ /
20,C,accusation,n.,accusation,Diphthong,/ eɪ /
21,C,accused,n.,accused,Monophthong,/ u /
22,C,acid,adj.,acid,Monophthong,/ æ /
23,C,acquisition,n.,acquisition,Monophthong,/ ɪ /
24,C,acre,n.,acre,Diphthong,/ eɪ /
25,C,activation,n.,activation,Diphthong,/ eɪ /
26,C,activist,n.,activist,Monophthong,/ æ /
27,C,acute,adj.,acute,Monophthong,/ u /
28,C,adaptation,n.,adaptation,Diphthong,/ eɪ /
29,C,adhere,v.,adhere,Monophthong,/ ɪ /
30,C,adjacent,adj.,adjacent,Diphthong,/ eɪ /
31,C,adjustment,n.,adjustment,Monophthong,/ ʌ /
32,C,administer,v.,administer,Monophthong,/ ɪ /
33,C,administrative,adj.,administrative,Monophthong,/ ɪ /
34,C,administrator,n.,administrator,Monophthong,/ ɪ /
35,C,admission,n.,admission,Monophthong,/ ɪ /
36,C,adolescent,n.,adolescent,Monophthong,/ ɛ /
37,C,adoption,n.,adoption,Monophthong,/ ɑ /
38,C,adverse,adj.,adverse,Monophthong,/ ɝ /
39,C,advocate,n.,advocate,Monophthong,/ æ /
40,C,advocate,v.,advocate,Monophthong,/ æ /
41,C,aesthetic,adj.,aesthetic,Monophthong,/ ɛ /
42,C,affection,n.,affection,Monophthong,/ ɛ /
43,C,aftermath,n.,aftermath,Monophthong,/ æ /
44,C,aggression,n.,aggression,Monophthong,/ ɛ /
45,C,agricultural,adj.,agricultural,Monophthong,/ æ /
46,C,aide,n.,aide,Diphthong,/ eɪ /
47,C,albeit,conj.,albeit,Monophthong,/ i /
48,C,alert,v.,alert,Monophthong,/ ɝ /
49,C,alert,n.,alert,Monophthong,/ ɝ /
50,C,alien,adj.,alien,Diphthong,/ eɪ /
51,C,align,v.,align,Diphthong,/ aɪ /
52,C,alignment,n.,alignment,Diphthong,/ aɪ /
53,C,alike,adv.,alike,Diphthong,/ aɪ /
54,C,alike,adj.,alike,Diphthong,/ aɪ /
55,C,allegation,n.,allegation,Diphthong,/ eɪ /
56,C,allege,v.,allege,Monophthong,/ ɛ /
57,C,allegedly,adv.,allegedly,Monophthong,/ ɛ /
58,C,alliance,n.,alliance,Diphthong,/ aɪ /
59,C,allocate,v.,allocate,Monophthong,/ æ /
60,C,allocation,n.,allocation,Diphthong,/ eɪ /
61,C,allowance,n.,allowance,Diphthong,/ aʊ /
62,C,ally,n.,ally,Monophthong,/ æ /
63,C,aluminium,n.,aluminium,Monophthong,/ ɪ /
64,C,amateur,n.,amateur,Monophthong,/ æ /
65,C,ambassador,n.,ambassador,Monophthong,/ æ /
66,C,amend,v.,amend,Monophthong,/ ɛ /
67,C,amendment,n.,amendment,Monophthong,/ ɛ /
68,C,amid,prep.,amid,Monophthong,/ ɪ /
69,C,analogy,n.,analogy,Monophthong,/ æ /
70,C,anchor,n.,anchor,Monophthong,/ æ /
71,C,angel,n.,angel,Diphthong,/ eɪ /
72,C,anonymous,adj.,anonymous,Monophthong,/ ɑ /
73,C,apparatus,n.,apparatus,Monophthong,/ æ /
74,C,appealing,adj.,appealing,Monophthong,/ i /
75,C,appetite,n.,appetite,Monophthong,/ æ /
76,C,applaud,v.,applaud,Monophthong,/ ɔ /
77,C,applicable,adj.,applicable,Monophthong,/ ɪ /
78,C,appoint,v.,appoint,Diphthong,/ ɔɪ /
79,C,appreciation,n.,appreciation,Diphthong,/ eɪ /
80,C,arbitrary,adj.,arbitrary,Monophthong,/ ɑ /
81,C,architectural,adj.,architectural,Monophthong,/ ɛ /
82,C,archive,n.,archive,Monophthong,/ ɑ /
83,C,arena,n.,arena,Monophthong,/ i /
84,C,arguably,adv.,arguably,Monophthong,/ ɑ /
85,C,arm,v.,arm,Monophthong,/ ɑ /
86,C,array,n.,array,Diphthong,/ eɪ /
87,C,articulate,v.,articulate,Monophthong,/ ɪ /
88,C,ash,n.,ash,Monophthong,/ æ /
89,C,aspiration,n.,aspiration,Diphthong,/ eɪ /
90,C,aspire,v.,aspire,Diphthong,/ aɪ /
91,C,assassination,n.,assassination,Diphthong,/ eɪ /
92,C,assault,n.,assault,Monophthong,/ ɔ /
93,C,assault,v.,assault,Monophthong,/ ɔ /
94,C,assemble,v.,assemble,Monophthong,/ ɛ /
95,C,assembly,n.,assembly,Monophthong,/ ɛ /
96,C,assert,v.,assert,Monophthong,/ ɝ /
97,C,assertion,n.,assertion,Monophthong,/ ɝ /
98,C,assurance,n.,assurance,Monophthong,/ ʊ /
99,C,asylum,n.,asylum,Diphthong,/ aɪ /
100,C,atrocity,n.,atrocity,Monophthong,/ ɑ /
101,C,attain,v.,attain,Diphthong,/ eɪ /
102,C,attendance,n.,attendance,Monophthong,/ ɛ /
103,C,attorney,n.,attorney,Monophthong,/ ɝ /
104,C,attribute,v.,attribute,Monophthong,/ ɪ /
105,C,attribute,n.,attribute,Monophthong,/ æ /
106,C,audit,n.,audit,Monophthong,/ ɔ /
107,C,authentic,adj.,authentic,Monophthong,/ ɛ /
108,C,authorize,v.,authorize,Monophthong,/ ɔ /
109,C,auto,n.,auto,Monophthong,/ ɔ /
110,C,autonomy,n.,autonomy,Monophthong,/ ɑ /
111,C,availability,n.,availability,Monophthong,/ ɪ /
112,C,await,v.,await,Diphthong,/ eɪ /
113,C,backdrop,n.,backdrop,Monophthong,/ æ /
114,C,backing,n.,backing,Monophthong,/ æ /
115,C,backup,n.,backup,Monophthong,/ æ /
116,C,bail,n.,bail,Diphthong,/ eɪ /
117,C,ballot,n.,ballot,Monophthong,/ æ /
118,C,banner,n.,banner,Monophthong,/ æ /
119,C,bare,adj.,bare,Monophthong,/ ɛ /
120,C,barrel,n.,barrel,Monophthong,/ æ /
121,C,bass1,n.,bass1,Diphthong,/ eɪ /
122,C,bat,v.,bat,Monophthong,/ æ /
123,C,battlefield,n.,battlefield,Monophthong,/ æ /
124,C,bay,n.,bay,Diphthong,/ eɪ /
125,C,beam,n.,beam,Monophthong,/ i /
126,C,beast,n.,beast,Monophthong,/ i /
127,C,behalf,n.,behalf,Monophthong,/ æ /
128,C,beloved,adj.,beloved,Monophthong,/ ʌ /
129,C,bench,n.,bench,Monophthong,/ ɛ /
130,C,benchmark,n.,benchmark,Monophthong,/ ɛ /
131,C,beneath,prep.,beneath,Monophthong,/ i /
132,C,beneficiary,n.,beneficiary,Monophthong,/ ɪ /
133,C,betray,v.,betray,Diphthong,/ eɪ /
134,C,bind,v.,bind,Diphthong,/ aɪ /
135,C,biography,n.,biography,Monophthong,/ ɑ /
136,C,bishop,n.,bishop,Monophthong,/ ɪ /
137,C,bizarre,adj.,bizarre,Monophthong,/ ɑ /
138,C,blade,n.,blade,Diphthong,/ eɪ /
139,C,blast,n.,blast,Monophthong,/ æ /
140,C,blast,v.,blast,Monophthong,/ æ /
141,C,bleed,v.,bleed,Monophthong,/ i /
142,C,blend,v.,blend,Monophthong,/ ɛ /
143,C,blend,n.,blend,Monophthong,/ ɛ /
144,C,bless,v.,bless,Monophthong,/ ɛ /
145,C,blessing,n.,blessing,Monophthong,/ ɛ /
146,C,boast,v.,boast,Diphthong,/ oʊ /
147,C,bonus,n.,bonus,Diphthong,/ oʊ /
148,C,boom,n.,boom,Monophthong,/ u /
149,C,bounce,v.,bounce,Diphthong,/ aʊ /
150,C,boundary,n.,boundary,Diphthong,/ aʊ /
151,C,bow1,v.,bow1,Diphthong,/ aʊ /
152,C,bow1,n.,bow1,Diphthong,/ aʊ /
153,C,breach,n.,breach,Monophthong,/ i /
154,C,breach,v.,breach,Monophthong,/ i /
155,C,breakdown,n.,breakdown,Diphthong,/ aʊ /
156,C,breakthrough,n.,breakthrough,Diphthong,/ eɪ /
157,C,breed,v.,breed,Monophthong,/ i /
158,C,breed,n.,breed,Monophthong,/ i /
159,C,broadband,n.,broadband,Monophthong,/ ɔ /
160,C,browser,n.,browser,Diphthong,/ aʊ /
161,C,brutal,adj.,brutal,Monophthong,/ u /
162,C,buck,n.,buck,Monophthong,/ ʌ /
163,C,buddy,n.,buddy,Monophthong,/ ʌ /
164,C,buffer,n.,buffer,Monophthong,/ ʌ /
165,C,bulk,n.,bulk,Monophthong,/ ʌ /
166,C,burden,n.,burden,Monophthong,/ ɝ /
167,C,bureaucracy,n.,bureaucracy,Monophthong,/ ɑ /
168,C,burial,n.,burial,Monophthong,/ ɛ /
169,C,burst,v.,burst,Monophthong,/ ɝ /
170,C,cabinet,n.,cabinet,Monophthong,/ æ /
171,C,calculation,n.,calculation,Diphthong,/ eɪ /
172,C,canvas,n.,canvas,Monophthong,/ æ /
173,C,capability,n.,capability,Monophthong,/ ɪ /
174,C,capitalism,n.,capitalism,Monophthong,/ æ /
175,C,capitalist,adj.,capitalist,Monophthong,/ æ /
176,C,cargo,n.,cargo,Monophthong,/ ɑ /
177,C,carriage,n.,carriage,Monophthong,/ æ /
178,C,carve,v.,carve,Monophthong,/ ɑ /
179,C,casino,n.,casino,Monophthong,/ i /
180,C,casualty,n.,casualty,Monophthong,/ æ /
181,C,catalogue,n.,catalogue,Monophthong,/ æ /
182,C,cater,v.,cater,Diphthong,/ eɪ /
183,C,cattle,n.,cattle,Monophthong,/ æ /
184,C,caution,n.,caution,Monophthong,/ ɔ /
185,C,cautious,adj.,cautious,Monophthong,/ ɔ /
186,C,cease,v.,cease,Monophthong,/ i /
187,C,cemetery,n.,cemetery,Monophthong,/ ɛ /
188,C,chamber,n.,chamber,Diphthong,/ eɪ /
189,C,chaos,n.,chaos,Diphthong,/ eɪ /
190,C,characterize,v.,characterize,Monophthong,/ æ /
191,C,charm,n.,charm,Monophthong,/ ɑ /
192,C,charter,n.,charter,Monophthong,/ ɑ /
193,C,chronic,adj.,chronic,Monophthong,/ ɑ /
194,C,chunk,n.,chunk,Monophthong,/ ʌ /
195,C,circulate,v.,circulate,Monophthong,/ ɝ /
196,C,circulation,n.,circulation,Diphthong,/ eɪ /
197,C,citizenship,n.,citizenship,Monophthong,/ ɪ /
198,C,civic,adj.,civic,Monophthong,/ ɪ /
199,C,civilian,n.,civilian,Monophthong,/ ɪ /
200,C,clarity,n.,clarity,Monophthong,/ æ /
201,C,clash,n.,clash,Monophthong,/ æ /
202,C,classification,n.,classification,Diphthong,/ eɪ /
203,C,cling,v.,cling,Monophthong,/ ɪ /
204,C,clinical,adj.,clinical,Monophthong,/ ɪ /
205,C,closure,n.,closure,Diphthong,/ oʊ /
206,C,cluster,n.,cluster,Monophthong,/ ʌ /
207,C,coalition,n.,coalition,Monophthong,/ ɪ /
208,C,coastal,adj.,coastal,Diphthong,/ oʊ /
209,C,cocktail,n.,cocktail,Monophthong,/ ɑ /
210,C,cognitive,adj.,cognitive,Monophthong,/ ɑ /
211,C,coincide,v.,coincide,Monophthong,/ ɔ /
212,C,collaborate,v.,collaborate,Diphthong,/ æ /
213,C,collaboration,n.,collaboration,Diphthong,/ eɪ /
214,C,collective,adj.,collective,Monophthong,/ ɛ /
215,C,collision,n.,collision,Monophthong,/ ɪ /
216,C,colonial,adj.,colonial,Diphthong,/ oʊ /
217,C,columnist,n.,columnist,Monophthong,/ ɑ /
218,C,combat,n.,combat,Monophthong,/ ɑ /
219,C,combat,v.,combat,Monophthong,/ ɑ /
220,C,commence,v.,commence,Monophthong,/ ɛ /
221,C,commentary,n.,commentary,Monophthong,/ ɑ /
222,C,commentator,n.,commentator,Monophthong,/ ɑ /
223,C,commerce,n.,commerce,Monophthong,/ ɑ /
224,C,commissioner,n.,commissioner,Monophthong,/ ɪ /
225,C,commodity,n.,commodity,Monophthong,/ ɑ /
226,C,communist,adj.,communist,Monophthong,/ ɑ /
227,C,companion,n.,companion,Monophthong,/ æ /
228,C,comparable,adj.,comparable,Monophthong,/ ɑ /
229,C,compassion,n.,compassion,Monophthong,/ æ /
230,C,compel,v.,compel,Monophthong,/ ɛ /
231,C,compelling,adj.,compelling,Monophthong,/ ɛ /
232,C,compensate,v.,compensate,Monophthong,/ ɑ /
233,C,compensation,n.,compensation,Diphthong,/ eɪ /
234,C,competence,n.,competence,Monophthong,/ ɑ /
235,C,competent,adj.,competent,Monophthong,/ ɑ /
236,C,compile,v.,compile,Diphthong,/ aɪ /
237,C,complement,v.,complement,Monophthong,/ ɑ /
238,C,complexity,n.,complexity,Monophthong,/ ɛ /
239,C,compliance,n.,compliance,Diphthong,/ aɪ /
240,C,complication,n.,complication,Diphthong,/ eɪ /
241,C,comply,v.,comply,Diphthong,/ aɪ /
242,C,composition,n.,composition,Monophthong,/ ɪ /
243,C,compromise,n.,compromise,Monophthong,/ ɑ /
244,C,compromise,v.,compromise,Monophthong,/ ɑ /
245,C,compute,v.,compute,Monophthong,/ u /
246,C,conceal,v.,conceal,Monophthong,/ i /
247,C,concede,v.,concede,Monophthong,/ i /
248,C,conceive,v.,conceive,Monophthong,/ i /
249,C,conception,n.,conception,Monophthong,/ ɛ /
250,C,concession,n.,concession,Monophthong,/ ɛ /
251,C,condemn,v.,condemn,Monophthong,/ ɛ /
252,C,confer,v.,confer,Monophthong,/ ɝ /
253,C,confession,n.,confession,Monophthong,/ ɛ /
254,C,configuration,n.,configuration,Diphthong,/ eɪ /
255,C,confine,v.,confine,Diphthong,/ aɪ /
256,C,confirmation,n.,confirmation,Diphthong,/ eɪ /
257,C,confront,v.,confront,Monophthong,/ ʌ /
258,C,confrontation,n.,confrontation,Diphthong,/ eɪ /
259,C,congratulate,v.,congratulate,Monophthong,/ æ /
260,C,congregation,n.,congregation,Diphthong,/ eɪ /
261,C,congressional,adj.,congressional,Monophthong,/ ɛ /
262,C,conquer,v.,conquer,Monophthong,/ ɑ /
263,C,conscience,n.,conscience,Monophthong,/ ɑ /
264,C,consciousness,n.,consciousness,Monophthong,/ ɑ /
265,C,consecutive,adj.,consecutive,Monophthong,/ ɛ /
266,C,consensus,n.,consensus,Monophthong,/ ɛ /
267,C,consent,n.,consent,Monophthong,/ ɛ /
268,C,consent,v.,consent,Monophthong,/ ɛ /
269,C,conserve,v.,conserve,Monophthong,/ ɛ /
270,C,consistency,n.,consistency,Monophthong,/ ɪ /
271,C,consolidate,v.,consolidate,Monophthong,/ ɑ /
272,C,constituency,n.,constituency,Monophthong,/ ɪ /
273,C,constitute,v.,constitute,Monophthong,/ ɑ /
274,C,constitution,n.,constitution,Monophthong,/ u /
275,C,constitutional,adj.,constitutional,Monophthong,/ u /
276,C,constraint,n.,constraint,Diphthong,/ eɪ /
277,C,consultation,n.,consultation,Diphthong,/ eɪ /
278,C,contemplate,v.,contemplate,Monophthong,/ ɑ /
279,C,contempt,n.,contempt,Monophthong,/ ɛ /
280,C,contend,v.,contend,Monophthong,/ ɛ /
281,C,contender,n.,contender,Monophthong,/ ɛ /
282,C,content,adj.,content,Monophthong,/ ɑ /
283,C,contention,n.,contention,Monophthong,/ ɛ /
284,C,continually,adv.,continually,Monophthong,/ ɪ /
285,C,contractor,n.,contractor,Monophthong,/ ɑ /
286,C,contradiction,n.,contradiction,Monophthong,/ ɪ /
287,C,contrary,adj.,contrary,Monophthong,/ ɑ /
288,C,contrary,n.,contrary,Monophthong,/ ɑ /
289,C,contributor,n.,contributor,Monophthong,/ ɪ /
290,C,conversion,n.,conversion,Monophthong,/ ɝ /
291,C,convict,v.,convict,Monophthong,/ i /
292,C,conviction,n.,conviction,Monophthong,/ i /
293,C,cooperate,v.,cooperate,Monophthong,/ ɑ /
294,C,cooperative,adj.,cooperative,Monophthong,/ ɑ /
295,C,coordinate,v.,coordinate,Monophthong,/ ɔ /
296,C,coordination,n.,coordination,Diphthong,/ eɪ /
297,C,coordinator,n.,coordinator,Monophthong,/ ɔ /
298,C,cop,n.,cop,Monophthong,/ ɑ /
299,C,copper,n.,copper,Monophthong,/ ɑ /
300,C,copyright,n.,copyright,Monophthong,/ ɑ /
301,C,correction,n.,correction,Monophthong,/ ɛ /
302,C,correlate,v.,correlate,Monophthong,/ ɔ /
303,C,correlation,n.,correlation,Diphthong,/ eɪ /
304,C,correspond,v.,correspond,Monophthong,/ ɑ /
305,C,correspondence,n.,correspondence,Monophthong,/ ɑ /
306,C,correspondent,n.,correspondent,Monophthong,/ ɑ /
307,C,corresponding,adj.,corresponding,Monophthong,/ ɑ /
308,C,corrupt,adj.,corrupt,Monophthong,/ ʌ /
309,C,corruption,n.,corruption,Monophthong,/ ʌ /
310,C,costly,adj.,costly,Monophthong,/ ɔ /
311,C,councilor,n.,councilor,Diphthong,/ aʊ /
312,C,counseling,n.,counseling,Diphthong,/ aʊ /
313,C,counselor,n.,counselor,Diphthong,/ aʊ /
314,C,counter,(argue against) v.,counter,Diphthong,/ aʊ /
315,C,counterpart,n.,counterpart,Diphthong,/ aʊ /
316,C,countless,adj.,countless,Diphthong,/ aʊ /
317,C,coup,n.,coup,Monophthong,/ u /
318,C,courtesy,n.,courtesy,Monophthong,/ ɝ /
319,C,craft,v.,craft,Monophthong,/ æ /
320,C,crawl,v.,crawl,Monophthong,/ ɔ /
321,C,creator,n.,creator,Diphthong,/ eɪ /
322,C,credibility,n.,credibility,Monophthong,/ i /
323,C,credible,adj.,credible,Monophthong,/ ɛ /
324,C,creep,v.,creep,Monophthong,/ i /
325,C,critique,n.,critique,Monophthong,/ i /
326,C,crown,n.,crown,Diphthong,/ aʊ /
327,C,crude,adj.,crude,Monophthong,/ u /
328,C,crush,v.,crush,Monophthong,/ ʌ /
329,C,crystal,n.,crystal,Monophthong,/ i /
330,C,cult,n.,cult,Monophthong,/ ʌ /
331,C,cultivate,v.,cultivate,Monophthong,/ ʌ /
332,C,curiosity,n.,curiosity,Monophthong,/ ɑ /
333,C,custody,n.,custody,Monophthong,/ ʌ /
334,C,cutting,n.,cutting,Monophthong,/ ʌ /
335,C,cynical,adj.,cynical,Monophthong,/ i /
336,C,dam,n.,dam,Monophthong,/ æ /
337,C,damaging,adj.,damaging,Monophthong,/ æ /
338,C,dawn,n.,dawn,Monophthong,/ ɔ /
339,C,debris,n.,debris,Monophthong,/ i /
340,C,debut,n.,debut,Monophthong,/ u /
341,C,decision-making,n.,decision-making,Monophthong,/ i /
342,C,decisive,adj.,decisive,Diphthong,/ aɪ /
343,C,declaration,n.,declaration,Diphthong,/ eɪ /
344,C,dedicated,adj.,dedicated,Monophthong,/ ɛ /
345,C,dedication,n.,dedication,Diphthong,/ eɪ /
346,C,deed,n.,deed,Monophthong,/ i /
347,C,deem,v.,deem,Monophthong,/ i /
348,C,default,n.,default,Monophthong,/ ɔ /
349,C,defect,n.,defect,Monophthong,/ i /
350,C,defensive,adj.,defensive,Monophthong,/ ɛ /
351,C,deficiency,n.,deficiency,Monophthong,/ ɪ /
352,C,deficit,n.,deficit,Monophthong,/ ɛ /
353,C,defy,v.,defy,Diphthong,/ aɪ /
354,C,delegate,n.,delegate,Monophthong,/ ɛ /
355,C,delegation,n.,delegation,Diphthong,/ eɪ /
356,C,delicate,adj.,delicate,Monophthong,/ ɛ /
357,C,demon,n.,demon,Monophthong,/ i /
358,C,denial,n.,denial,Diphthong,/ aɪ /
359,C,denounce,v.,denounce,Diphthong,/ aʊ /
360,C,dense,adj.,dense,Monophthong,/ ɛ /
361,C,density,n.,density,Monophthong,/ ɛ /
362,C,dependence,n.,dependence,Monophthong,/ ɛ /
363,C,depict,v.,depict,Monophthong,/ ɪ /
364,C,deploy,v.,deploy,Diphthong,/ ɔɪ /
365,C,deployment,n.,deployment,Diphthong,/ ɔɪ /
366,C,deposit,v.,deposit,Monophthong,/ ɑ /
367,C,deprive,v.,deprive,Diphthong,/ aɪ /
368,C,deputy,n.,deputy,Monophthong,/ ɛ /
369,C,descend,v.,descend,Monophthong,/ ɛ /
370,C,descent,n.,descent,Monophthong,/ ɛ /
371,C,designate,v.,designate,Monophthong,/ ɛ /
372,C,desirable,adj.,desirable,Diphthong,/ aɪ /
373,C,desktop,n.,desktop,Monophthong,/ ɛ /
374,C,destructive,adj.,destructive,Monophthong,/ ʌ /
375,C,detain,v.,detain,Diphthong,/ eɪ /
376,C,detection,n.,detection,Monophthong,/ ɛ /
377,C,detention,n.,detention,Monophthong,/ ɛ /
378,C,deteriorate,v.,deteriorate,Monophthong,/ ɪ /
379,C,devastate,v.,devastate,Monophthong,/ ɛ /
380,C,devil,n.,devil,Monophthong,/ ɛ /
381,C,devise,v.,devise,Diphthong,/ aɪ /
382,C,diagnose,v.,diagnose,Diphthong,/ aɪ /
383,C,diagnosis,n.,diagnosis,Diphthong,/ oʊ /
384,C,dictate,v.,dictate,Monophthong,/ ɪ /
385,C,dictator,n.,dictator,Monophthong,/ ɪ /
386,C,differentiate,v.,differentiate,Monophthong,/ ɛ /
387,C,dignity,n.,dignity,Monophthong,/ ɪ /
388,C,dilemma,n.,dilemma,Monophthong,/ ɛ /
389,C,dimension,n.,dimension,Monophthong,/ ɛ /
390,C,diminish,v.,diminish,Monophthong,/ ɪ /
391,C,dip,v.,dip,Monophthong,/ ɪ /
392,C,diplomat,n.,diplomat,Monophthong,/ ɪ /
393,C,diplomatic,n.,diplomatic,Monophthong,/ ɪ /
394,C,directory,n.,directory,Monophthong,/ ɛ /
395,C,disastrous,adj.,disastrous,Monophthong,/ æ /
396,C,discard,v.,discard,Monophthong,/ ɑ /
397,C,discharge,v.,discharge,Monophthong,/ ɑ /
398,C,disclose,v.,disclose,Diphthong,/ oʊ /
399,C,disclosure,n.,disclosure,Diphthong,/ oʊ /
400,C,discourse,n.,discourse,Monophthong,/ ɪ /
401,C,discretion,n.,discretion,Monophthong,/ ɛ /
402,C,discrimination,n.,discrimination,Monophthong,/ ɪ /
403,C,dismissal,n.,dismissal,Monophthong,/ ɪ /
404,C,displace,v.,displace,Diphthong,/ eɪ /
405,C,disposal,n.,disposal,Diphthong,/ oʊ /
406,C,dispose,v.,dispose,Diphthong,/ oʊ /
407,C,dispute,n.,dispute,Monophthong,/ u /
408,C,dispute,v.,dispute,Monophthong,/ ɪ /
409,C,disrupt,v.,disrupt,Monophthong,/ ʌ /
410,C,disruption,n.,disruption,Monophthong,/ ʌ /
411,C,dissolve,v.,dissolve,Monophthong,/ ɑ /
412,C,distinction,n.,distinction,Monophthong,/ ɪ /
413,C,distinctive,adj.,distinctive,Monophthong,/ ɪ /
414,C,distort,v.,distort,Monophthong,/ ɔ /
415,C,distress,n.,distress,Monophthong,/ ɛ /
416,C,distress,v.,distress,Monophthong,/ ɛ /
417,C,disturbing,adj.,disturbing,Monophthong,/ ɝ /
418,C,divert,v.,divert,Monophthong,/ ɝ /
419,C,divine,adj.,divine,Diphthong,/ aɪ /
420,C,doctrine,n.,doctrine,Monophthong,/ ɑ /
421,C,documentation,n.,documentation,Diphthong,/ eɪ /
422,C,domain,n.,domain,Diphthong,/ eɪ /
423,C,dominance,n.,dominance,Monophthong,/ ɑ /
424,C,donor,n.,donor,Diphthong,/ oʊ /
425,C,dose,n.,dose,Diphthong,/ oʊ /
426,C,drain,v.,drain,Diphthong,/ eɪ /
427,C,drift,v.,drift,Monophthong,/ ɪ /
428,C,driving,adj.,driving,Diphthong,/ aɪ /
429,C,drown,v.,drown,Diphthong,/ aʊ /
430,C,dual,adj.,dual,Monophthong,/ u /
431,C,dub,v.,dub,Monophthong,/ ʌ /
432,C,dumb,adj.,dumb,Monophthong,/ ʌ /
433,C,duo,n.,duo,Monophthong,/ u /
434,C,dynamic,n.,dynamic,Monophthong,/ æ /
435,C,eager,adj.,eager,Monophthong,/ i /
436,C,earnings,n.,earnings,Monophthong,/ ɝ /
437,C,ease,n.,ease,Monophthong,/ i /
438,C,ease,v.,ease,Monophthong,/ i /
439,C,echo,v.,echo,Monophthong,/ ɛ /
440,C,echo,n.,echo,Monophthong,/ ɛ /
441,C,ecological,adj.,ecological,Monophthong,/ ɑ /
442,C,educator,n.,educator,Monophthong,/ ɛ /
443,C,effectiveness,n.,effectiveness,Monophthong,/ ɛ /
444,C,efficiency,n.,efficiency,Monophthong,/ ɪ /
445,C,ego,n.,ego,Monophthong,/ i /
446,C,elaborate,adj.,elaborate,Monophthong,/ æ /
447,C,electoral,adj.,electoral,Monophthong,/ ɛ /
448,C,elevate,v.,elevate,Monophthong,/ ɛ /
449,C,eligible,adj.,eligible,Monophthong,/ ɛ /
450,C,elite,n.,elite,Monophthong,/ i /
451,C,embark,v.,embark,Monophthong,/ ɑ /
452,C,embarrassment,n.,embarrassment,Monophthong,/ æ /
453,C,embassy,n.,embassy,Monophthong,/ ɛ /
454,C,embed,v.,embed,Monophthong,/ ɛ /
455,C,embody,v.,embody,Monophthong,/ ɑ /
456,C,emergence,n.,emergence,Monophthong,/ ɛ /
457,C,empirical,adj.,empirical,Monophthong,/ ɛ /
458,C,empower,v.,empower,Diphthong,/ aʊ /
459,C,enact,v.,enact,Monophthong,/ æ /
460,C,encompass,v.,encompass,Monophthong,/ ʌ /
461,C,encouragement,n.,encouragement,Monophthong,/ ɝ /
462,C,encouraging,adj.,encouraging,Monophthong,/ ɝ /
463,C,endeavor,n.,endeavor,Monophthong,/ ɛ /
464,C,endless,adj.,endless,Monophthong,/ ɛ /
465,C,endorse,v.,endorse,Monophthong,/ ɔ /
466,C,endorsement,n.,endorsement,Monophthong,/ ɔ /
467,C,endure,v.,endure,Monophthong,/ ʊ /
468,C,enforce,v.,enforce,Monophthong,/ ɔ /
469,C,enforcement,n.,enforcement,Monophthong,/ ɔ /
470,C,engagement,n.,engagement,Diphthong,/ eɪ /
471,C,engaging,adj.,engaging,Diphthong,/ eɪ /
472,C,enquire,v.,enquire,Diphthong,/ aɪ /
473,C,enrich,v.,enrich,Monophthong,/ ɪ /
474,C,enroll,v.,enroll,Diphthong,/ oʊ /
475,C,ensue,v.,ensue,Monophthong,/ u /
476,C,enterprise,n.,enterprise,Monophthong,/ ɛ /
477,C,enthusiast,n.,enthusiast,Monophthong,/ u /
478,C,entitle,v.,entitle,Diphthong,/ aɪ /
479,C,entity,n.,entity,Monophthong,/ ɛ /
480,C,epidemic,n.,epidemic,Monophthong,/ ɛ /
481,C,equality,n.,equality,Monophthong,/ ɑ /
482,C,equation,n.,equation,Diphthong,/ eɪ /
483,C,erect,v.,erect,Monophthong,/ ɛ /
484,C,escalate,v.,escalate,Monophthong,/ ɛ /
485,C,essence,n.,essence,Monophthong,/ ɛ /
486,C,establishment,n.,establishment,Monophthong,/ æ /
487,C,eternal,adj.,eternal,Monophthong,/ ɝ /
488,C,evacuate,v.,evacuate,Monophthong,/ æ /
489,C,evoke,v.,evoke,Diphthong,/ oʊ /
490,C,evolutionary,adj.,evolutionary,Monophthong,/ u /
491,C,exaggerate,v.,exaggerate,Monophthong,/ æ /
492,C,excellence,n.,excellence,Monophthong,/ ɛ /
493,C,exceptional,adj.,exceptional,Monophthong,/ ɛ /
494,C,excess,n.,excess,Monophthong,/ ɛ /
495,C,excess,adj.,excess,Monophthong,/ ɛ /
496,C,exclusion,n.,exclusion,Monophthong,/ u /
497,C,exclusive,adj.,exclusive,Monophthong,/ u /
498,C,exclusively,adv.,exclusively,Monophthong,/ u /
499,C,execute,v.,execute,Monophthong,/ ɛ /
500,C,execution,n.,execution,Monophthong,/ u /
501,C,exert,v.,exert,Monophthong,/ ɝ /
502,C,exile,n.,exile,Monophthong,/ ɛ /
503,C,exit,v.,exit,Monophthong,/ ɛ /
504,C,expenditure,n.,expenditure,Monophthong,/ ɛ /
505,C,experimental,adj.,experimental,Monophthong,/ ɛ /
506,C,expire,v.,expire,Diphthong,/ aɪ /
507,C,explicit,adj.,explicit,Monophthong,/ ɪ /
508,C,explicitly,adv.,explicitly,Monophthong,/ ɪ /
509,C,exploitation,n.,exploitation,Diphthong,/ eɪ /
510,C,explosive,adj.,explosive,Diphthong,/ oʊ /
511,C,explosive,n.,explosive,Diphthong,/ oʊ /
512,C,extract,v.,extract,Monophthong,/ æ /
513,C,extremist,n.,extremist,Monophthong,/ i /
514,C,facilitate,v.,facilitate,Monophthong,/ ɪ /
515,C,faction,n.,faction,Monophthong,/ æ /
516,C,faculty,n.,faculty,Monophthong,/ æ /
517,C,fade,v.,fade,Diphthong,/ eɪ /
518,C,fairness,n.,fairness,Monophthong,/ ɛ /
519,C,fatal,adj.,fatal,Diphthong,/ eɪ /
520,C,fate,n.,fate,Diphthong,/ eɪ /
521,C,favourable,adj.,favourable,Diphthong,/ eɪ /
522,C,feat,n.,feat,Monophthong,/ i /
523,C,feminist,adj.,feminist,Monophthong,/ ɛ /
524,C,feminist,n.,feminist,Monophthong,/ ɛ /
525,C,fibre,n.,fibre,Diphthong,/ aɪ /
526,C,fierce,adj.,fierce,Monophthong,/ ɪ /
527,C,film-maker,n.,film-maker,Monophthong,/ ɪ /
528,C,filter,n.,filter,Monophthong,/ ɪ /
529,C,filter,v.,filter,Monophthong,/ ɪ /
530,C,fine,n.,fine,Diphthong,/ aɪ /
531,C,fine,v.,fine,Diphthong,/ aɪ /
532,C,firearm,n.,firearm,Diphthong,/ aɪ /
533,C,fit,n.,fit,Monophthong,/ ɪ /
534,C,fixture,n.,fixture,Monophthong,/ ɪ /
535,C,flaw,n.,flaw,Monophthong,/ ɔ /
536,C,flawed,adj.,flawed,Monophthong,/ ɔ /
537,C,flee,v.,flee,Monophthong,/ i /
538,C,fleet,n.,fleet,Monophthong,/ i /
539,C,flesh,n.,flesh,Monophthong,/ ɛ /
540,C,flexibility,n.,flexibility,Monophthong,/ ɪ /
541,C,flourish,v.,flourish,Monophthong,/ ɝ /
542,C,fluid,n.,fluid,Monophthong,/ u /
543,C,footage,n.,footage,Monophthong,/ ʊ /
544,C,foreigner,n.,foreigner,Monophthong,/ ɔ /
545,C,forge,v.,forge,Monophthong,/ ɔ /
546,C,formula,n.,formula,Monophthong,/ ɔ /
547,C,formulate,v.,formulate,Monophthong,/ ɔ /
548,C,forth,adv.,forth,Monophthong,/ ɔ /
549,C,forthcoming,adj.,forthcoming,Monophthong,/ ʌ /
550,C,foster,v.,foster,Monophthong,/ ɑ /
551,C,fragile,adj.,fragile,Monophthong,/ æ /
552,C,franchise,n.,franchise,Monophthong,/ æ /
553,C,frankly,adv.,frankly,Monophthong,/ æ /
554,C,frustrated,adj.,frustrated,Monophthong,/ ʌ /
555,C,frustrating,adj.,frustrating,Monophthong,/ ʌ /
556,C,frustration,n.,frustration,Diphthong,/ eɪ /
557,C,functional,adj.,functional,Monophthong,/ ʌ /
558,C,fundraising,n.,fundraising,Monophthong,/ ʌ /
559,C,funeral,n.,funeral,Monophthong,/ u /
560,C,gallon,n.,gallon,Monophthong,/ æ /
561,C,gambling,n.,gambling,Monophthong,/ æ /
562,C,gathering,n.,gathering,Monophthong,/ æ /
563,C,gaze,n.,gaze,Diphthong,/ eɪ /
564,C,gaze,v.,gaze,Diphthong,/ eɪ /
565,C,gear,n.,gear,Monophthong,/ ɪ /
566,C,generic,adj.,generic,Monophthong,/ ɛ /
567,C,genocide,n.,genocide,Monophthong,/ ɛ /
568,C,glance,n.,glance,Monophthong,/ æ /
569,C,glance,v.,glance,Monophthong,/ æ /
570,C,glimpse,n.,glimpse,Monophthong,/ ɪ /
571,C,glorious,adj.,glorious,Monophthong,/ ɔ /
572,C,glory,n.,glory,Monophthong,/ ɔ /
573,C,governance,n.,governance,Monophthong,/ ʌ /
574,C,grace,n.,grace,Diphthong,/ eɪ /
575,C,grasp,v.,grasp,Monophthong,/ æ /
576,C,grasp,n.,grasp,Monophthong,/ æ /
577,C,grave,n.,grave,Diphthong,/ eɪ /
578,C,grave,adj.,grave,Diphthong,/ eɪ /
579,C,gravity,n.,gravity,Monophthong,/ æ /
580,C,grid,n.,grid,Monophthong,/ ɪ /
581,C,grief,n.,grief,Monophthong,/ i /
582,C,grin,v.,grin,Monophthong,/ ɪ /
583,C,grin,n.,grin,Monophthong,/ ɪ /
584,C,grind,v.,grind,Diphthong,/ aɪ /
585,C,grip,n.,grip,Monophthong,/ ɪ /
586,C,grip,v.,grip,Monophthong,/ ɪ /
587,C,gross,adj.,gross,Diphthong,/ oʊ /
588,C,guerrilla,n.,guerrilla,Monophthong,/ ɪ /
589,C,guidance,n.,guidance,Diphthong,/ aɪ /
590,C,guilt,n.,guilt,Monophthong,/ ɪ /
591,C,gut,n.,gut,Monophthong,/ ʌ /
592,C,hail,v.,hail,Diphthong,/ eɪ /
593,C,halfway,adv.,halfway,Diphthong,/ eɪ /
594,C,halt,v.,halt,Monophthong,/ ɔ /
595,C,halt,n.,halt,Monophthong,/ ɔ /
596,C,handful,n.,handful,Monophthong,/ æ /
597,C,handling,n.,handling,Monophthong,/ æ /
598,C,handy,adj.,handy,Monophthong,/ æ /
599,C,harassment,n.,harassment,Monophthong,/ æ /
600,C,hardware,n.,hardware,Monophthong,/ ɑ /
601,C,harmony,n.,harmony,Monophthong,/ ɑ /
602,C,harsh,adj.,harsh,Monophthong,/ ɑ /
603,C,harvest,n.,harvest,Monophthong,/ ɑ /
604,C,harvest,v.,harvest,Monophthong,/ ɑ /
605,C,hatred,n.,hatred,Diphthong,/ eɪ /
606,C,haunt,v.,haunt,Monophthong,/ ɔ /
607,C,hazard,n.,hazard,Monophthong,/ æ /
608,C,heighten,v.,heighten,Diphthong,/ aɪ /
609,C,heritage,n.,heritage,Monophthong,/ ɛ /
610,C,hierarchy,n.,hierarchy,Diphthong,/ aɪ /
611,C,high-profile,adj.,high-profile,Diphthong,/ oʊ /
612,C,hint,n.,hint,Monophthong,/ ɪ /
613,C,homeland,n.,homeland,Diphthong,/ oʊ /
614,C,hook,v.,hook,Monophthong,/ ʊ /
615,C,hopeful,adj.,hopeful,Diphthong,/ oʊ /
616,C,horizon,n.,horizon,Diphthong,/ aɪ /
617,C,horn,n.,horn,Monophthong,/ ɔ /
618,C,hostage,n.,hostage,Monophthong,/ ɑ /
619,C,hostile,adj.,hostile,Monophthong,/ ɑ /
620,C,hostility,n.,hostility,Monophthong,/ ɪ /
621,C,humanitarian,adj.,humanitarian,Monophthong,/ ɛ /
622,C,humanity,n.,humanity,Monophthong,/ æ /
623,C,humble,adj.,humble,Monophthong,/ ʌ /
624,C,hydrogen,n.,hydrogen,Diphthong,/ aɪ /
625,C,identification,n.,identification,Diphthong,/ eɪ /
626,C,ideological,adj.,ideological,Monophthong,/ ɑ /
627,C,ideology,n.,ideology,Monophthong,/ ɑ /
628,C,idiot,n.,idiot,Monophthong,/ ɪ /
629,C,ignorance,n.,ignorance,Monophthong,/ ɪ /
630,C,imagery,n.,imagery,Monophthong,/ ɪ /
631,C,immense,adj.,immense,Monophthong,/ ɛ /
632,C,imminent,adj.,imminent,Monophthong,/ ɪ /
633,C,implementation,n.,implementation,Diphthong,/ eɪ /
634,C,imprison,v.,imprison,Monophthong,/ ɪ /
635,C,imprisonment,n.,imprisonment,Monophthong,/ ɪ /
636,C,inability,n.,inability,Monophthong,/ ɪ /
637,C,inadequate,adj.,inadequate,Monophthong,/ æ /
638,C,inappropriate,adj.,inappropriate,Diphthong,/ oʊ /
639,C,incidence,n.,incidence,Monophthong,/ ɪ /
640,C,inclined,adj.,inclined,Diphthong,/ aɪ /
641,C,inclusion,n.,inclusion,Monophthong,/ u /
642,C,incur,v.,incur,Monophthong,/ ɝ /
643,C,indicator,n.,indicator,Monophthong,/ ɪ /
644,C,indictment,n.,indictment,Diphthong,/ aɪ /
645,C,indigenous,adj.,indigenous,Monophthong,/ ɪ /
646,C,induce,v.,induce,Monophthong,/ u /
647,C,indulge,v.,indulge,Monophthong,/ ʌ /
648,C,inequality,n.,inequality,Monophthong,/ ɑ /
649,C,infamous,adj.,infamous,Monophthong,/ ɪ /
650,C,infant,n.,infant,Monophthong,/ ɪ /
651,C,infect,v.,infect,Monophthong,/ ɛ /
652,C,inflict,v.,inflict,Monophthong,/ ɪ /
653,C,influential,adj.,influential,Monophthong,/ ɛ /
654,C,inherent,adj.,inherent,Monophthong,/ ɛ /
655,C,inhibit,v.,inhibit,Monophthong,/ ɪ /
656,C,initiate,v.,initiate,Monophthong,/ ɪ /
657,C,inject,v.,inject,Monophthong,/ ɛ /
658,C,injection,n.,injection,Monophthong,/ ɛ /
659,C,injustice,n.,injustice,Monophthong,/ ʌ /
660,C,inmate,n.,inmate,Monophthong,/ ɪ /
661,C,insertion,n.,insertion,Monophthong,/ ɝ /
662,C,insider,n.,insider,Diphthong,/ aɪ /
663,C,inspect,v.,inspect,Monophthong,/ ɛ /
664,C,inspection,n.,inspection,Monophthong,/ ɛ /
665,C,inspiration,n.,inspiration,Diphthong,/ eɪ /
666,C,instinct,n.,instinct,Monophthong,/ ɪ /
667,C,institutional,adj.,institutional,Monophthong,/ u /
668,C,instruct,v.,instruct,Monophthong,/ ʌ /
669,C,instrumental,adj.,instrumental,Monophthong,/ ɛ /
670,C,insufficient,adj.,insufficient,Monophthong,/ ɪ /
671,C,insult,n.,insult,Monophthong,/ ɪ /
672,C,insult,v.,insult,Monophthong,/ ʌ /
673,C,intact,adj.,intact,Monophthong,/ æ /
674,C,intake,n.,intake,Monophthong,/ ɪ /
675,C,integral,adj.,integral,Monophthong,/ ɛ /
676,C,integrated,adj.,integrated,Monophthong,/ ɪ /
677,C,integration,n.,integration,Diphthong,/ eɪ /
678,C,integrity,n.,integrity,Monophthong,/ ɛ /
679,C,intellectual,n.,intellectual,Monophthong,/ ɛ /
680,C,intensify,v.,intensify,Monophthong,/ ɛ /
681,C,intensity,n.,intensity,Monophthong,/ ɛ /
682,C,intensive,adj.,intensive,Monophthong,/ ɛ /
683,C,intent,n.,intent,Monophthong,/ ɛ /
684,C,interactive,adj.,interactive,Monophthong,/ æ /
685,C,interface,n.,interface,Monophthong,/ ɪ /
686,C,interfere,v.,interfere,Monophthong,/ ɪ /
687,C,interference,n.,interference,Monophthong,/ ɪ /
688,C,interim,adj.,interim,Monophthong,/ ɪ /
689,C,interior,"adj., n.",interior,Monophthong,/ ɪ /
690,C,intermediate,adj.,intermediate,Monophthong,/ i /
691,C,intervene,v.,intervene,Monophthong,/ i /
692,C,intervention,n.,intervention,Monophthong,/ ɛ /
693,C,intimate,adj.,intimate,Monophthong,/ ɪ /
694,C,intriguing,adj.,intriguing,Monophthong,/ i /
695,C,investigator,n.,investigator,Monophthong,/ ɛ /
696,C,invisible,adj.,invisible,Monophthong,/ ɪ /
697,C,invoke,v.,invoke,Diphthong,/ oʊ /
698,C,involvement,n.,involvement,Monophthong,/ ɑ /
699,C,ironic,adj.,ironic,Monophthong,/ ɑ /
700,C,ironically,adv.,ironically,Monophthong,/ ɑ /
701,C,irony,n.,irony,Diphthong,/ aɪ /
702,C,irrelevant,adj.,irrelevant,Monophthong,/ ɛ /
703,C,isolation,n.,isolation,Diphthong,/ eɪ /
704,C,judicial,adj.,judicial,Monophthong,/ ɪ /
705,C,junction,n.,junction,Monophthong,/ ʌ /
706,C,jurisdiction,n.,jurisdiction,Monophthong,/ ɪ /
707,C,just,adj.,just,Monophthong,/ ʌ /
708,C,justification,n.,justification,Diphthong,/ eɪ /
709,C,kidnap,v.,kidnap,Monophthong,/ ɪ /
710,C,kidney,n.,kidney,Monophthong,/ ɪ /
711,C,kingdom,n.,kingdom,Monophthong,/ ɪ /
712,C,lad,n.,lad,Monophthong,/ æ /
713,C,landlord,n.,landlord,Monophthong,/ æ /
714,C,landmark,n.,landmark,Monophthong,/ æ /
715,C,lap,n.,lap,Monophthong,/ æ /
716,C,large-scale,adj.,large-scale,Diphthong,/ eɪ /
717,C,laser,n.,laser,Diphthong,/ eɪ /
718,C,latter,adj.,latter,Monophthong,/ æ /
719,C,latter,n.,latter,Monophthong,/ æ /
720,C,lawn,n.,lawn,Monophthong,/ ɔ /
721,C,lawsuit,n.,lawsuit,Monophthong,/ ɔ /
722,C,layout,n.,layout,Diphthong,/ eɪ /
723,C,leak,v.,leak,Monophthong,/ i /
724,C,leak,n.,leak,Monophthong,/ i /
725,C,leap,v.,leap,Monophthong,/ i /
726,C,leap,n.,leap,Monophthong,/ i /
727,C,legacy,n.,legacy,Monophthong,/ ɛ /
728,C,legendary,adj.,legendary,Monophthong,/ ɛ /
729,C,legislation,n.,legislation,Diphthong,/ eɪ /
730,C,legislative,adj.,legislative,Monophthong,/ ɛ /
731,C,legislature,n.,legislature,Monophthong,/ ɛ /
732,C,legitimate,adj.,legitimate,Monophthong,/ ɪ /
733,C,lengthy,adj.,lengthy,Monophthong,/ ɛ /
734,C,lesbian,adj.,lesbian,Monophthong,/ ɛ /
735,C,lesser,adj.,lesser,Monophthong,/ ɛ /
736,C,lethal,adj.,lethal,Monophthong,/ i /
737,C,liable,adj.,liable,Diphthong,/ aɪ /
738,C,liberal,adj.,liberal,Monophthong,/ ɪ /
739,C,liberal,n.,liberal,Monophthong,/ ɪ /
740,C,liberation,n.,liberation,Diphthong,/ eɪ /
741,C,liberty,n.,liberty,Monophthong,/ ɪ /
742,C,license,v.,license,Diphthong,/ aɪ /
743,C,lifelong,adj.,lifelong,Diphthong,/ aɪ /
744,C,likelihood,n.,likelihood,Diphthong,/ aɪ /
745,C,limb,n.,limb,Monophthong,/ ɪ /
746,C,linear,adj.,linear,Monophthong,/ ɪ /
747,C,line-up,n.,line-up,Diphthong,/ aɪ /
748,C,linger,v.,linger,Monophthong,/ ɪ /
749,C,listing,n.,listing,Monophthong,/ ɪ /
750,C,literacy,n.,literacy,Monophthong,/ ɪ /
751,C,liver,n.,liver,Monophthong,/ ɪ /
752,C,lobby,n.,lobby,Monophthong,/ ɑ /
753,C,log,n.,log,Monophthong,/ ɔ /
754,C,log,v.,log,Monophthong,/ ɔ /
755,C,logic,n.,logic,Monophthong,/ ɑ /
756,C,long-standing,adj.,long-standing,Monophthong,/ æ /
757,C,long-time,adj.,long-time,Monophthong,/ ɔ /
758,C,loom,v.,loom,Monophthong,/ u /
759,C,loop,n.,loop,Monophthong,/ u /
760,C,loyalty,n.,loyalty,Diphthong,/ ɔɪ /
761,C,machinery,n.,machinery,Monophthong,/ i /
762,C,magical,adj.,magical,Monophthong,/ æ /
763,C,magistrate,n.,magistrate,Monophthong,/ æ /
764,C,magnetic,adj.,magnetic,Monophthong,/ ɛ /
765,C,magnitude,n.,magnitude,Monophthong,/ æ /
766,C,mainland,n.,mainland,Diphthong,/ eɪ /
767,C,mainstream,n.,mainstream,Diphthong,/ eɪ /
768,C,mainstream,adj.,mainstream,Diphthong,/ eɪ /
769,C,maintenance,n.,maintenance,Diphthong,/ eɪ /
770,C,mandate,n.,mandate,Monophthong,/ æ /
771,C,mandatory,adj.,mandatory,Monophthong,/ æ /
772,C,manifest,v.,manifest,Monophthong,/ æ /
773,C,manipulate,v.,manipulate,Monophthong,/ ɪ /
774,C,manipulation,n.,manipulation,Diphthong,/ eɪ /
775,C,manuscript,n.,manuscript,Monophthong,/ æ /
776,C,march,n.,march,Monophthong,/ ɑ /
777,C,march,v.,march,Monophthong,/ ɑ /
778,C,marginal,adj.,marginal,Monophthong,/ ɑ /
779,C,marine,adj.,marine,Monophthong,/ i /
780,C,marketplace,n.,marketplace,Monophthong,/ ɑ /
781,C,mask,n.,mask,Monophthong,/ æ /
782,C,massacre,n.,massacre,Monophthong,/ æ /
783,C,mathematical,adj.,mathematical,Monophthong,/ æ /
784,C,mature,adj.,mature,Monophthong,/ ʊ /
785,C,mature,v.,mature,Monophthong,/ ʊ /
786,C,maximize,v.,maximize,Monophthong,/ æ /
787,C,meaningful,adj.,meaningful,Monophthong,/ i /
788,C,meantime,n.,meantime,Monophthong,/ i /
789,C,medieval,adj.,medieval,Monophthong,/ i /
790,C,meditation,n.,meditation,Diphthong,/ eɪ /
791,C,melody,n.,melody,Monophthong,/ ɛ /
792,C,memo,n.,memo,Monophthong,/ ɛ /
793,C,memoir,n.,memoir,Monophthong,/ ɛ /
794,C,memorial,n.,memorial,Monophthong,/ ɔ /
795,C,mentor,n.,mentor,Monophthong,/ ɛ /
796,C,merchant,n.,merchant,Monophthong,/ ɝ /
797,C,mercy,n.,mercy,Monophthong,/ ɝ /
798,C,mere,adj.,mere,Monophthong,/ ɪ /
799,C,merely,adv.,merely,Monophthong,/ ɪ /
800,C,merge,v.,merge,Monophthong,/ ɝ /
801,C,merger,n.,merger,Monophthong,/ ɝ /
802,C,merit,n.,merit,Monophthong,/ ɛ /
803,C,methodology,n.,methodology,Monophthong,/ ɑ /
804,C,midst,n.,midst,Monophthong,/ ɪ /
805,C,migration,n.,migration,Diphthong,/ eɪ /
806,C,militant,n.,militant,Monophthong,/ ɪ /
807,C,militant,adj.,militant,Monophthong,/ ɪ /
808,C,militia,n.,militia,Monophthong,/ ɪ /
809,C,mill,n.,mill,Monophthong,/ ɪ /
810,C,minimal,adj.,minimal,Monophthong,/ ɪ /
811,C,minimize,v.,minimize,Monophthong,/ ɪ /
812,C,mining,n.,mining,Diphthong,/ aɪ /
813,C,ministry,n.,ministry,Monophthong,/ ɪ /
814,C,minute,,minute,Monophthong,/ ɪ /
815,C,miracle,n.,miracle,Monophthong,/ ɪ /
816,C,misery,n.,misery,Monophthong,/ ɪ /
817,C,misleading,adj.,misleading,Monophthong,/ i /
818,C,missile,n.,missile,Monophthong,/ ɪ /
819,C,mob,n.,mob,Monophthong,/ ɑ /
820,C,mobility,n.,mobility,Monophthong,/ ɪ /
821,C,mobilize,v.,mobilize,Diphthong,/ oʊ /
822,C,moderate,adj.,moderate,Monophthong,/ ɑ /
823,C,modification,n.,modification,Diphthong,/ eɪ /
824,C,momentum,n.,momentum,Monophthong,/ ɛ /
825,C,monk,n.,monk,Monophthong,/ ʌ /
826,C,monopoly,n.,monopoly,Monophthong,/ ɑ /
827,C,morality,n.,morality,Monophthong,/ æ /
828,C,motive,n.,motive,Diphthong,/ oʊ /
829,C,motorist,n.,motorist,Diphthong,/ oʊ /
830,C,municipal,adj.,municipal,Monophthong,/ ɪ /
831,C,mutual,adj.,mutual,Monophthong,/ u /
832,C,namely,adv.,namely,Diphthong,/ eɪ /
833,C,nationwide,adj.,nationwide,Diphthong,/ aɪ /
834,C,naval,adj.,naval,Diphthong,/ eɪ /
835,C,neglect,v.,neglect,Monophthong,/ ɛ /
836,C,neglect,n.,neglect,Monophthong,/ ɛ /
837,C,neighboring,adj.,neighboring,Diphthong,/ eɪ /
838,C,nest,n.,nest,Monophthong,/ ɛ /
839,C,net,adj.,net,Monophthong,/ ɛ /
840,C,newsletter,n.,newsletter,Monophthong,/ u /
841,C,niche,n.,niche,Monophthong,/ ɪ /
842,C,noble,adj.,noble,Diphthong,/ oʊ /
843,C,nod,v.,nod,Monophthong,/ ɑ /
844,C,nominate,v.,nominate,Monophthong,/ ɑ /
845,C,nomination,n.,nomination,Diphthong,/ eɪ /
846,C,nominee,n.,nominee,Monophthong,/ i /
847,C,nonetheless,adv.,nonetheless,Monophthong,/ ɛ /
848,C,non-profit,adj.,non-profit,Monophthong,/ ɑ /
849,C,nonsense,n.,nonsense,Monophthong,/ ɑ /
850,C,noon,n.,noon,Monophthong,/ u /
851,C,notable,adj.,notable,Diphthong,/ oʊ /
852,C,notably,adv.,notably,Diphthong,/ oʊ /
853,C,notify,v.,notify,Diphthong,/ oʊ /
854,C,notorious,adj.,notorious,Monophthong,/ ɔ /
855,C,novel,adj.,novel,Monophthong,/ ɑ /
856,C,nursery,n.,nursery,Monophthong,/ ɝ /
857,C,objection,n.,objection,Monophthong,/ ɛ /
858,C,oblige,v.,oblige,Diphthong,/ aɪ /
859,C,obsess,v.,obsess,Monophthong,/ ɛ /
860,C,obsession,n.,obsession,Monophthong,/ ɛ /
861,C,occasional,adj.,occasional,Diphthong,/ eɪ /
862,C,occurrence,n.,occurrence,Monophthong,/ ɝ /
863,C,odds,n.,odds,Monophthong,/ ɑ /
864,C,offering,n.,offering,Monophthong,/ ɔ /
865,C,offspring,n.,offspring,Monophthong,/ ɔ /
866,C,operational,adj.,operational,Diphthong,/ eɪ /
867,C,opt,v.,opt,Monophthong,/ ɑ /
868,C,optical,adj.,optical,Monophthong,/ ɑ /
869,C,optimism,n.,optimism,Monophthong,/ ɑ /
870,C,oral,adj.,oral,Monophthong,/ ɔ /
871,C,organizational,adj.,organizational,Diphthong,/ eɪ /
872,C,orientation,n.,orientation,Diphthong,/ eɪ /
873,C,originate,v.,originate,Monophthong,/ ɪ /
874,C,outbreak,n.,outbreak,Diphthong,/ aʊ /
875,C,outing,n.,outing,Diphthong,/ aʊ /
876,C,outlet,n.,outlet,Diphthong,/ aʊ /
877,C,outlook,n.,outlook,Diphthong,/ aʊ /
878,C,outrage,n.,outrage,Diphthong,/ aʊ /
879,C,outrage,v.,outrage,Diphthong,/ aʊ /
880,C,outsider,n.,outsider,Diphthong,/ aɪ /
881,C,overlook,v.,overlook,Monophthong,/ ʊ /
882,C,overly,adv.,overly,Diphthong,/ oʊ /
883,C,oversee,v.,oversee,Monophthong,/ i /
884,C,overturn,v.,overturn,Monophthong,/ ɝ /
885,C,overwhelm,v.,overwhelm,Monophthong,/ ɛ /
886,C,overwhelming,adj.,overwhelming,Monophthong,/ ɛ /
887,C,pad,n.,pad,Monophthong,/ æ /
888,C,parameter,n.,parameter,Monophthong,/ æ /
889,C,parental,adj.,parental,Monophthong,/ ɛ /
890,C,parish,n.,parish,Monophthong,/ æ /
891,C,parliamentary,adj.,parliamentary,Monophthong,/ ɛ /
892,C,partial,adj.,partial,Monophthong,/ ɑ /
893,C,partially,adv.,partially,Monophthong,/ ɑ /
894,C,passing,n.,passing,Monophthong,/ æ /
895,C,passive,adj.,passive,Monophthong,/ æ /
896,C,pastor,n.,pastor,Monophthong,/ æ /
897,C,patch,n.,patch,Monophthong,/ æ /
898,C,patent,n.,patent,Monophthong,/ æ /
899,C,pathway,n.,pathway,Monophthong,/ æ /
900,C,patrol,n.,patrol,Diphthong,/ oʊ /
901,C,patrol,v.,patrol,Diphthong,/ oʊ /
902,C,patron,n.,patron,Diphthong,/ eɪ /
903,C,peak,n.,peak,Monophthong,/ i /
904,C,peasant,n.,peasant,Monophthong,/ ɛ /
905,C,peculiar,adj.,peculiar,Monophthong,/ u /
906,C,persist,v.,persist,Monophthong,/ ɪ /
907,C,persistent,adj.,persistent,Monophthong,/ ɪ /
908,C,personnel,n.,personnel,Monophthong,/ ɛ /
909,C,petition,n.,petition,Monophthong,/ ɪ /
910,C,philosopher,n.,philosopher,Monophthong,/ ɑ /
911,C,philosophical,adj.,philosophical,Monophthong,/ ɑ /
912,C,physician,n.,physician,Monophthong,/ ɪ /
913,C,pioneer,n.,pioneer,Monophthong,/ ɪ /
914,C,pipeline,n.,pipeline,Diphthong,/ aɪ /
915,C,pirate,n.,pirate,Diphthong,/ aɪ /
916,C,pit,n.,pit,Monophthong,/ ɪ /
917,C,plea,n.,plea,Monophthong,/ i /
918,C,plead,v.,plead,Monophthong,/ i /
919,C,pledge,v.,pledge,Monophthong,/ ɛ /
920,C,pledge,n.,pledge,Monophthong,/ ɛ /
921,C,plug,v.,plug,Monophthong,/ ʌ /
922,C,plug,n.,plug,Monophthong,/ ʌ /
923,C,plunge,v.,plunge,Monophthong,/ ʌ /
924,C,pole,n.,pole,Diphthong,/ oʊ /
925,C,poll,n.,poll,Diphthong,/ oʊ /
926,C,pond,n.,pond,Monophthong,/ ɑ /
927,C,pop,v.,pop,Monophthong,/ ɑ /
928,C,portfolio,n.,portfolio,Diphthong,/ oʊ /
929,C,portray,v.,portray,Diphthong,/ eɪ /
930,C,postpone,v.,postpone,Diphthong,/ oʊ /
931,C,post-war,adj.,post-war,Diphthong,/ oʊ /
932,C,practitioner,n.,practitioner,Monophthong,/ ɪ /
933,C,preach,v.,preach,Monophthong,/ i /
934,C,precedent,n.,precedent,Monophthong,/ ɛ /
935,C,precision,n.,precision,Monophthong,/ ɪ /
936,C,predator,n.,predator,Monophthong,/ ɛ /
937,C,predecessor,n.,predecessor,Monophthong,/ ɛ /
938,C,predominantly,adv.,predominantly,Monophthong,/ ɑ /
939,C,pregnancy,n.,pregnancy,Monophthong,/ ɛ /
940,C,prejudice,n.,prejudice,Monophthong,/ ɛ /
941,C,preliminary,adj.,preliminary,Monophthong,/ ɪ /
942,C,premier,n.,premier,Monophthong,/ ɪ /
943,C,premise,n.,premise,Monophthong,/ ɛ /
944,C,premium,n.,premium,Monophthong,/ i /
945,C,prescribe,v.,prescribe,Diphthong,/ aɪ /
946,C,prescription,n.,prescription,Monophthong,/ ɪ /
947,C,presently,adv.,presently,Monophthong,/ ɛ /
948,C,preservation,n.,preservation,Monophthong,/ ɛ /
949,C,preside,v.,preside,Diphthong,/ aɪ /
950,C,presidency,n.,presidency,Monophthong,/ ɛ /
951,C,presidential,adj.,presidential,Monophthong,/ ɛ /
952,C,prestigious,adj.,prestigious,Monophthong,/ i /
953,C,presumably,adv.,presumably,Monophthong,/ u /
954,C,presume,v.,presume,Monophthong,/ u /
955,C,prevail,v.,prevail,Diphthong,/ eɪ /
956,C,prevalence,n.,prevalence,Monophthong,/ ɛ /
957,C,prevention,n.,prevention,Monophthong,/ ɛ /
958,C,prey,n.,prey,Diphthong,/ eɪ /
959,C,principal,n.,principal,Monophthong,/ ɪ /
960,C,privatization,n.,privatization,Diphthong,/ aɪ /
961,C,privilege,n.,privilege,Monophthong,/ ɪ /
962,C,probe,n.,probe,Diphthong,/ oʊ /
963,C,probe,v.,probe,Diphthong,/ oʊ /
964,C,problematic,adj.,problematic,Monophthong,/ æ /
965,C,proceedings,n.,proceedings,Monophthong,/ i /
966,C,proceeds,n.,proceeds,Diphthong,/ oʊ /
967,C,processing,n.,processing,Monophthong,/ ɑ /
968,C,processor,n.,processor,Monophthong,/ ɑ /
969,C,proclaim,v.,proclaim,Monophthong,/ eɪ /
970,C,productive,adj.,productive,Monophthong,/ ʌ /
971,C,productivity,n.,productivity,Diphthong,/ oʊ /
972,C,profitable,adj.,profitable,Monophthong,/ ɑ /
973,C,profound,adj.,profound,Diphthong,/ aʊ /
974,C,projection,n.,projection,Monophthong,/ ɛ /
975,C,prominent,adj.,prominent,Monophthong,/ ɑ /
976,C,pronounced,adj.,pronounced,Diphthong,/ aʊ /
977,C,propaganda,n.,propaganda,Monophthong,/ ɑ /
978,C,proposition,n.,proposition,Monophthong,/ ɪ /
979,C,prosecute,v.,prosecute,Monophthong,/ ɑ /
980,C,prosecution,n.,prosecution,Monophthong,/ ɑ /
981,C,prosecutor,n.,prosecutor,Monophthong,/ ɑ /
982,C,prospective,adj.,prospective,Monophthong,/ ɛ /
983,C,prosperity,n.,prosperity,Monophthong,/ ɛ /
984,C,protective,adj.,protective,Monophthong,/ ɛ /
985,C,protocol,n.,protocol,Diphthong,/ oʊ /
986,C,province,n.,province,Monophthong,/ ɑ /
987,C,provincial,adj.,provincial,Monophthong,/ ɪ /
988,C,provision,n.,provision,Monophthong,/ ɪ /
989,C,provoke,v.,provoke,Diphthong,/ oʊ /
990,C,psychiatric,adj.,psychiatric,Monophthong,/ æ /
991,C,pulse,n.,pulse,Monophthong,/ ʌ /
992,C,pump,v.,pump,Monophthong,/ ʌ /
993,C,punch,n.,punch,Monophthong,/ ʌ /
994,C,query,n.,query,Monophthong,/ ɪ /
995,C,quest,n.,quest,Monophthong,/ ɛ /
996,C,quota,n.,quota,Diphthong,/ oʊ /
997,C,radar,n.,radar,Diphthong,/ eɪ /
998,C,radical,adj.,radical,Monophthong,/ æ /
999,C,rage,n.,rage,Diphthong,/ eɪ /
1000,C,raid,n.,raid,Diphthong,/ eɪ /
1001,C,rally,n.,rally,Monophthong,/ æ /
1002,C,ranking,n.,ranking,Monophthong,/ æ /
1003,C,rape,v.,rape,Diphthong,/ eɪ /
1004,C,ratio,n.,ratio,Diphthong,/ eɪ /
1005,C,rational,adj.,rational,Monophthong,/ æ /
1006,C,ray,n.,ray,Diphthong,/ eɪ /
1007,C,readily,adv.,readily,Monophthong,/ ɛ /
1008,C,realization,n.,realization,Diphthong,/ eɪ /
1009,C,realm,n.,realm,Monophthong,/ ɛ /
1010,C,rear,adj.,rear,Monophthong,/ ɪ /
1011,C,rear,n.,rear,Monophthong,/ ɪ /
1012,C,reasoning,n.,reasoning,Monophthong,/ i /
1013,C,reassure,v.,reassure,Monophthong,/ ʊ /
1014,C,rebel,n.,rebel,Monophthong,/ ɛ /
1015,C,rebellion,n.,rebellion,Monophthong,/ ɛ /
1016,C,recipient,n.,recipient,Monophthong,/ ɪ /
1017,C,reconstruction,n.,reconstruction,Monophthong,/ ʌ /
1018,C,recount1,v.,recount1,Diphthong,/ aʊ /
1019,C,referendum,n.,referendum,Monophthong,/ ɛ /
1020,C,reflection,n.,reflection,Monophthong,/ ɛ /
1021,C,reform,"n., v.",reform,Monophthong,/ ɔ /
1022,C,refuge,n.,refuge,Monophthong,/ ɛ /
1023,C,refusal,n.,refusal,Monophthong,/ u /
1024,C,regain,v.,regain,Monophthong,/ eɪ /
1025,C,regardless,adv.,regardless,Monophthong,/ ɑ /
1026,C,regime,n.,regime,Monophthong,/ i /
1027,C,regulator,n.,regulator,Monophthong,/ ɛ /
1028,C,regulatory,adj.,regulatory,Monophthong,/ ɛ /
1029,C,rehabilitation,n.,rehabilitation,Monophthong,/ ɪ /
1030,C,reign,n.,reign,Diphthong,/ eɪ /
1031,C,reign,v.,reign,Diphthong,/ eɪ /
1032,C,rejection,n.,rejection,Monophthong,/ ɛ /
1033,C,relevance,n.,relevance,Monophthong,/ ɛ /
1034,C,reliability,n.,reliability,Monophthong,/ ɪ /
1035,C,reluctant,adj.,reluctant,Monophthong,/ ʌ /
1036,C,remainder,n.,remainder,Diphthong,/ eɪ /
1037,C,remains,n.,remains,Diphthong,/ eɪ /
1038,C,remedy,n.,remedy,Monophthong,/ ɛ /
1039,C,reminder,n.,reminder,Diphthong,/ aɪ /
1040,C,removal,n.,removal,Monophthong,/ u /
1041,C,render,v.,render,Monophthong,/ ɛ /
1042,C,renew,v.,renew,Monophthong,/ u /
1043,C,renowned,adj.,renowned,Diphthong,/ aʊ /
1044,C,rental,n.,rental,Monophthong,/ ɛ /
1045,C,replacement,n.,replacement,Diphthong,/ eɪ /
1046,C,reportedly,adv.,reportedly,Monophthong,/ ɔ /
1047,C,representation,n.,representation,Diphthong,/ eɪ /
1048,C,reproduce,v.,reproduce,Monophthong,/ u /
1049,C,reproduction,n.,reproduction,Monophthong,/ ʌ /
1050,C,republic,n.,republic,Monophthong,/ ʌ /
1051,C,resemble,v.,resemble,Monophthong,/ ɛ /
1052,C,reside,v.,reside,Diphthong,/ aɪ /
1053,C,residence,n.,residence,Monophthong,/ ɛ /
1054,C,residential,adj.,residential,Monophthong,/ ɛ /
1055,C,residue,n.,residue,Monophthong,/ ɛ /
1056,C,resignation,n.,resignation,Diphthong,/ eɪ /
1057,C,resistance,n.,resistance,Monophthong,/ ɪ /
1058,C,respective,adj.,respective,Monophthong,/ ɛ /
1059,C,respectively,adv.,respectively,Monophthong,/ ɛ /
1060,C,restoration,n.,restoration,Diphthong,/ eɪ /
1061,C,restraint,n.,restraint,Diphthong,/ eɪ /
1062,C,resume,v.,resume,Monophthong,/ u /
1063,C,retreat,n.,retreat,Monophthong,/ i /
1064,C,retreat,v.,retreat,Monophthong,/ i /
1065,C,retrieve,v.,retrieve,Monophthong,/ i /
1066,C,revelation,n.,revelation,Diphthong,/ eɪ /
1067,C,revenge,n.,revenge,Monophthong,/ ɛ /
1068,C,reverse,v.,reverse,Monophthong,/ ɝ /
1069,C,revival,n.,revival,Diphthong,/ aɪ /
1070,C,revive,v.,revive,Diphthong,/ aɪ /
1071,C,revolutionary,adj.,revolutionary,Monophthong,/ u /
1072,C,rhetoric,n.,rhetoric,Monophthong,/ ɛ /
1073,C,rifle,n.,rifle,Diphthong,/ aɪ /
1074,C,riot,n.,riot,Diphthong,/ aɪ /
1075,C,rip,v.,rip,Monophthong,/ ɪ /
1076,C,ritual,n.,ritual,Monophthong,/ ɪ /
1077,C,robust,adj.,robust,Monophthong,/ ʌ /
1078,C,rock,v.,rock,Monophthong,/ ɑ /
1079,C,rod,n.,rod,Monophthong,/ ɑ /
1080,C,rotate,v.,rotate,Diphthong,/ oʊ /
1081,C,rotation,n.,rotation,Diphthong,/ eɪ /
1082,C,ruling,n.,ruling,Monophthong,/ u /
1083,C,rumor,n.,rumor,Monophthong,/ u /
1084,C,sack,v.,sack,Monophthong,/ æ /
1085,C,sacred,adj.,sacred,Diphthong,/ eɪ /
1086,C,sacrifice,n.,sacrifice,Monophthong,/ æ /
1087,C,sacrifice,v.,sacrifice,Monophthong,/ æ /
1088,C,saint,n.,saint,Diphthong,/ eɪ /
1089,C,sake,n.,sake,Diphthong,/ eɪ /
1090,C,sanction,n.,sanction,Monophthong,/ æ /
1091,C,say,n.,say,Diphthong,/ eɪ /
1092,C,scattered,adj.,scattered,Monophthong,/ æ /
1093,C,skeptical,adj.,skeptical,Monophthong,/ ɛ /
1094,C,scope,n.,scope,Diphthong,/ oʊ /
1095,C,screw,n.,screw,Monophthong,/ u /
1096,C,scrutiny,n.,scrutiny,Monophthong,/ u /
1097,C,seal,v.,seal,Monophthong,/ i /
1098,C,seal,n.,seal,Monophthong,/ i /
1099,C,secular,adj.,secular,Monophthong,/ ɛ /
1100,C,seemingly,adv.,seemingly,Monophthong,/ i /
1101,C,segment,n.,segment,Monophthong,/ ɛ /
1102,C,seize,v.,seize,Monophthong,/ i /
1103,C,seldom,adv.,seldom,Monophthong,/ ɛ /
1104,C,selective,adj.,selective,Monophthong,/ ɛ /
1105,C,senator,n.,senator,Monophthong,/ ɛ /
1106,C,sensation,n.,sensation,Diphthong,/ eɪ /
1107,C,sensitivity,n.,sensitivity,Monophthong,/ ɪ /
1108,C,sentiment,n.,sentiment,Monophthong,/ ɛ /
1109,C,separation,n.,separation,Diphthong,/ eɪ /
1110,C,serial,adj.,serial,Monophthong,/ ɪ /
1111,C,settlement,n.,settlement,Monophthong,/ ɛ /
1112,C,set-up,n.,set-up,Monophthong,/ ɛ /
1113,C,sexuality,n.,sexuality,Monophthong,/ æ /
1114,C,shareholder,n.,shareholder,Monophthong,/ ɝ /
1115,C,shatter,v.,shatter,Monophthong,/ æ /
1116,C,shed,v.,shed,Monophthong,/ ɛ /
1117,C,sheer,adj.,sheer,Monophthong,/ ɪ /
1118,C,shipping,n.,shipping,Monophthong,/ ɪ /
1119,C,shoot,n.,shoot,Monophthong,/ u /
1120,C,shrink,v.,shrink,Monophthong,/ ɪ /
1121,C,shrug,v.,shrug,Monophthong,/ ʌ /
1122,C,sigh,v.,sigh,Diphthong,/ aɪ /
1123,C,sigh,n.,sigh,Diphthong,/ aɪ /
1124,C,simulate,v.,simulate,Monophthong,/ ɪ /
1125,C,simulation,n.,simulation,Diphthong,/ eɪ /
1126,C,simultaneously,adv.,simultaneously,Diphthong,/ eɪ /
1127,C,sin,n.,sin,Monophthong,/ ɪ /
1128,C,situated,adj.,situated,Monophthong,/ ɪ /
1129,C,sketch,n.,sketch,Monophthong,/ ɛ /
1130,C,skip,v.,skip,Monophthong,/ ɪ /
1131,C,slam,v.,slam,Monophthong,/ æ /
1132,C,slap,v.,slap,Monophthong,/ æ /
1133,C,slash,v.,slash,Monophthong,/ æ /
1134,C,slavery,n.,slavery,Diphthong,/ eɪ /
1135,C,slot,n.,slot,Monophthong,/ ɑ /
1136,C,smash,v.,smash,Monophthong,/ æ /
1137,C,snap,v.,snap,Monophthong,/ æ /
1138,C,soak,v.,soak,Diphthong,/ oʊ /
1139,C,soar,v.,soar,Monophthong,/ ɔ /
1140,C,socialist,adj.,socialist,Diphthong,/ oʊ /
1141,C,sole,adj.,sole,Diphthong,/ oʊ /
1142,C,solely,adv.,solely,Diphthong,/ oʊ /
1143,C,solicitor,n.,solicitor,Monophthong,/ ɪ /
1144,C,solidarity,n.,solidarity,Monophthong,/ æ /
1145,C,solo,n.,solo,Diphthong,/ oʊ /
1146,C,sound,adj.,sound,Diphthong,/ aʊ /
1147,C,sovereignty,n.,sovereignty,Monophthong,/ ɑ /
1148,C,spam,n.,spam,Monophthong,/ æ /
1149,C,span,v.,span,Monophthong,/ æ /
1150,C,span,n.,span,Monophthong,/ æ /
1151,C,spare,v.,spare,Monophthong,/ ɛ /
1152,C,spark,v.,spark,Monophthong,/ ɑ /
1153,C,specialized,adj.,specialized,Monophthong,/ ɛ /
1154,C,specification,n.,specification,Diphthong,/ eɪ /
1155,C,specimen,n.,specimen,Monophthong,/ ɛ /
1156,C,spectacle,n.,spectacle,Monophthong,/ ɛ /
1157,C,spectrum,n.,spectrum,Monophthong,/ ɛ /
1158,C,spell,n.,spell,Monophthong,/ ɛ /
1159,C,sphere,n.,sphere,Monophthong,/ ɪ /
1160,C,spin,v.,spin,Monophthong,/ ɪ /
1161,C,spin,n.,spin,Monophthong,/ ɪ /
1162,C,spine,n.,spine,Diphthong,/ aɪ /
1163,C,spotlight,n.,spotlight,Monophthong,/ ɑ /
1164,C,spouse,n.,spouse,Diphthong,/ aʊ /
1165,C,spy,n.,spy,Diphthong,/ aɪ /
1166,C,squad,n.,squad,Monophthong,/ ɑ /
1167,C,squeeze,v.,squeeze,Monophthong,/ i /
1168,C,stab,v.,stab,Monophthong,/ æ /
1169,C,stability,n.,stability,Monophthong,/ ɪ /
1170,C,stabilize,v.,stabilize,Diphthong,/ eɪ /
1171,C,stake,n.,stake,Diphthong,/ eɪ /
1172,C,standing,adj.,standing,Monophthong,/ æ /
1173,C,stark,adj.,stark,Monophthong,/ ɑ /
1174,C,statistical,adj.,statistical,Monophthong,/ ɪ /
1175,C,steer,v.,steer,Monophthong,/ ɪ /
1176,C,stem,n.,stem,Monophthong,/ ɛ /
1177,C,stem,v.,stem,Monophthong,/ ɛ /
1178,C,stereotype,n.,stereotype,Monophthong,/ ɛ /
1179,C,stimulus,n.,stimulus,Monophthong,/ ɪ /
1180,C,stir,v.,stir,Monophthong,/ ɝ /
1181,C,storage,n.,storage,Monophthong,/ ɔ /
1182,C,straightforward,adj.,straightforward,Monophthong,/ ɔ /
1183,C,strain,n.,strain,Diphthong,/ eɪ /
1184,C,strand,n.,strand,Monophthong,/ æ /
1185,C,strategic,adj.,strategic,Monophthong,/ i /
1186,C,striking,adj.,striking,Diphthong,/ aɪ /
1187,C,strip,(long narrow piece) n.,strip,Monophthong,/ ɪ /
1188,C,strip,(remove clothes/a layer) v.,strip,Monophthong,/ ɪ /
1189,C,strive,v.,strive,Diphthong,/ aɪ /
1190,C,structural,adj.,structural,Monophthong,/ ʌ /
1191,C,stumble,v.,stumble,Monophthong,/ ʌ /
1192,C,stun,v.,stun,Monophthong,/ ʌ /
1193,C,submission,n.,submission,Monophthong,/ ɪ /
1194,C,subscriber,n.,subscriber,Diphthong,/ aɪ /
1195,C,subscription,n.,subscription,Monophthong,/ ɪ /
1196,C,subsidy,n.,subsidy,Monophthong,/ ʌ /
1197,C,substantial,adj.,substantial,Monophthong,/ æ /
1198,C,substantially,adv.,substantially,Monophthong,/ æ /
1199,C,substitute,n.,substitute,Monophthong,/ ʌ /
1200,C,substitute,v.,substitute,Monophthong,/ ʌ /
1201,C,substitution,n.,substitution,Monophthong,/ u /
1202,C,subtle,adj.,subtle,Monophthong,/ ʌ /
1203,C,suburban,adj.,suburban,Monophthong,/ ɝ /
1204,C,succession,n.,succession,Monophthong,/ ɛ /
1205,C,successive,adj.,successive,Monophthong,/ ɛ /
1206,C,successor,n.,successor,Monophthong,/ ɛ /
1207,C,suck,v.,suck,Monophthong,/ ʌ /
1208,C,sue,v.,sue,Monophthong,/ u /
1209,C,suicide,n.,suicide,Monophthong,/ u /
1210,C,suite,n.,suite,Monophthong,/ i /
1211,C,summit,n.,summit,Monophthong,/ ʌ /
1212,C,superb,adj.,superb,Monophthong,/ ɝ /
1213,C,superior,adj.,superior,Monophthong,/ ɪ /
1214,C,supervise,v.,supervise,Monophthong,/ u /
1215,C,supervision,n.,supervision,Monophthong,/ ɪ /
1216,C,supervisor,n.,supervisor,Monophthong,/ u /
1217,C,supplement,n.,supplement,Monophthong,/ ʌ /
1218,C,supplement,v.,supplement,Monophthong,/ ʌ /
1219,C,supportive,adj.,supportive,Monophthong,/ ɔ /
1220,C,supposedly,adv.,supposedly,Diphthong,/ oʊ /
1221,C,suppress,v.,suppress,Monophthong,/ ɛ /
1222,C,supreme,adj.,supreme,Monophthong,/ i /
1223,C,surge,n.,surge,Monophthong,/ ɝ /
1224,C,surge,v.,surge,Monophthong,/ ɝ /
1225,C,surgical,adj.,surgical,Monophthong,/ ɝ /
1226,C,surplus,n.,surplus,Monophthong,/ ɝ /
1227,C,surrender,v.,surrender,Monophthong,/ ɛ /
1228,C,surveillance,n.,surveillance,Diphthong,/ eɪ /
1229,C,suspension,n.,suspension,Monophthong,/ ɛ /
1230,C,suspicion,n.,suspicion,Monophthong,/ ɪ /
1231,C,suspicious,adj.,suspicious,Monophthong,/ ɪ /
1232,C,sustain,v.,sustain,Diphthong,/ eɪ /
1233,C,swing,n.,swing,Monophthong,/ ɪ /
1234,C,sword,n.,sword,Monophthong,/ ɔ /
1235,C,symbolic,adj.,symbolic,Monophthong,/ ɑ /
1236,C,syndrome,n.,syndrome,Monophthong,/ ɪ /
1237,C,synthesis,n.,synthesis,Monophthong,/ ɪ /
1238,C,systematic,adj.,systematic,Monophthong,/ æ /
1239,C,tackle,n.,tackle,Monophthong,/ æ /
1240,C,tactic,n.,tactic,Monophthong,/ æ /
1241,C,tactical,adj.,tactical,Monophthong,/ æ /
1242,C,taxpayer,n.,taxpayer,Monophthong,/ æ /
1243,C,tempt,v.,tempt,Monophthong,/ ɛ /
1244,C,tenant,n.,tenant,Monophthong,/ ɛ /
1245,C,tender,adj.,tender,Monophthong,/ ɛ /
1246,C,tenure,n.,tenure,Monophthong,/ ɛ /
1247,C,terminal,adj.,terminal,Monophthong,/ ɝ /
1248,C,terminate,v.,terminate,Monophthong,/ ɝ /
1249,C,terrain,n.,terrain,Diphthong,/ eɪ /
1250,C,terrific,adj.,terrific,Monophthong,/ ɪ /
1251,C,testify,v.,testify,Monophthong,/ ɛ /
1252,C,testimony,n.,testimony,Monophthong,/ ɛ /
1253,C,texture,n.,texture,Monophthong,/ ɛ /
1254,C,thankfully,adv.,thankfully,Monophthong,/ æ /
1255,C,theatrical,adj.,theatrical,Monophthong,/ æ /
1256,C,theology,n.,theology,Monophthong,/ ɑ /
1257,C,theoretical,adj.,theoretical,Monophthong,/ ɛ /
1258,C,thereafter,adv.,thereafter,Monophthong,/ æ /
1259,C,thereby,adv.,thereby,Diphthong,/ aɪ /
1260,C,thoughtful,adj.,thoughtful,Monophthong,/ ɔ /
1261,C,thought-provoking,adj.,thought-provoking,Monophthong,/ ɔ /
1262,C,thread,n.,thread,Monophthong,/ ɛ /
1263,C,threshold,n.,threshold,Monophthong,/ ɛ /
1264,C,thrilled,adj.,thrilled,Monophthong,/ ɪ /
1265,C,thrive,v.,thrive,Diphthong,/ aɪ /
1266,C,tide,n.,tide,Diphthong,/ aɪ /
1267,C,tighten,v.,tighten,Diphthong,/ aɪ /
1268,C,timber,n.,timber,Monophthong,/ ɪ /
1269,C,timely,adj.,timely,Diphthong,/ aɪ /
1270,C,tobacco,n.,tobacco,Monophthong,/ æ /
1271,C,tolerance,n.,tolerance,Monophthong,/ ɑ /
1272,C,tolerate,v.,tolerate,Monophthong,/ ɑ /
1273,C,toll,n.,toll,Diphthong,/ oʊ /
1274,C,top,v.,top,Monophthong,/ ɑ /
1275,C,torture,n.,torture,Monophthong,/ ɔ /
1276,C,toss,v.,toss,Monophthong,/ ɔ /
1277,C,total,v.,total,Diphthong,/ oʊ /
1278,C,toxic,adj.,toxic,Monophthong,/ ɑ /
1279,C,trace,n.,trace,Diphthong,/ eɪ /
1280,C,trademark,n.,trademark,Diphthong,/ eɪ /
1281,C,trail,n.,trail,Diphthong,/ eɪ /
1282,C,trail,v.,trail,Diphthong,/ eɪ /
1283,C,trailer,n.,trailer,Diphthong,/ eɪ /
1284,C,transaction,n.,transaction,Monophthong,/ æ /
1285,C,transcript,n.,transcript,Monophthong,/ æ /
1286,C,transformation,n.,transformation,Diphthong,/ eɪ /
1287,C,transit,n.,transit,Monophthong,/ æ /
1288,C,transmission,n.,transmission,Monophthong,/ ɪ /
1289,C,transparency,n.,transparency,Monophthong,/ æ /
1290,C,transparent,adj.,transparent,Monophthong,/ æ /
1291,C,trauma,n.,trauma,Diphthong,/ aʊ /
1292,C,treaty,n.,treaty,Monophthong,/ i /
1293,C,tremendous,adj.,tremendous,Monophthong,/ ɛ /
1294,C,tribal,adj.,tribal,Diphthong,/ aɪ /
1295,C,tribunal,n.,tribunal,Monophthong,/ u /
1296,C,tribute,n.,tribute,Monophthong,/ ɪ /
1297,C,trigger,n.,trigger,Monophthong,/ ɪ /
1298,C,trio,n.,trio,Monophthong,/ i /
1299,C,triumph,n.,triumph,Diphthong,/ aɪ /
1300,C,trophy,n.,trophy,Diphthong,/ oʊ /
1301,C,troubled,adj.,troubled,Monophthong,/ ʌ /
1302,C,trustee,n.,trustee,Monophthong,/ i /
1303,C,tuition,n.,tuition,Monophthong,/ ɪ /
1304,C,turnout,n.,turnout,Monophthong,/ ɝ /
1305,C,turnover,n.,turnover,Monophthong,/ ɝ /
1306,C,twist,v.,twist,Monophthong,/ ɪ /
1307,C,undergraduate,n.,undergraduate,Monophthong,/ æ /
1308,C,underlying,adj.,underlying,Monophthong,/ ʌ /
1309,C,undermine,v.,undermine,Diphthong,/ aɪ /
1310,C,undoubtedly,adv.,undoubtedly,Diphthong,/ aʊ /
1311,C,unify,v.,unify,Monophthong,/ u /
1312,C,unprecedented,adj.,unprecedented,Monophthong,/ ɛ /
1313,C,unveil,v.,unveil,Diphthong,/ eɪ /
1314,C,upcoming,adj.,upcoming,Monophthong,/ ʌ /
1315,C,upgrade,v.,upgrade,Diphthong,/ eɪ /
1316,C,uphold,v.,uphold,Diphthong,/ oʊ /
1317,C,utility,n.,utility,Monophthong,/ ɪ /
1318,C,utilize,v.,utilize,Monophthong,/ u /
1319,C,utterly,adv.,utterly,Monophthong,/ ʌ /
1320,C,vacuum,n.,vacuum,Monophthong,/ æ /
1321,C,vague,adj.,vague,Diphthong,/ eɪ /
1322,C,validity,n.,validity,Monophthong,/ ɪ /
1323,C,vanish,v.,vanish,Monophthong,/ æ /
1324,C,variable,n.,variable,Monophthong,/ ɛ /
1325,C,variable,adj.,variable,Monophthong,/ ɛ /
1326,C,varied,adj.,varied,Monophthong,/ ɛ /
1327,C,vein,n.,vein,Diphthong,/ eɪ /
1328,C,venture,n.,venture,Monophthong,/ ɛ /
1329,C,venture,v.,venture,Monophthong,/ ɛ /
1330,C,verbal,adj.,verbal,Monophthong,/ ɝ /
1331,C,verdict,n.,verdict,Monophthong,/ ɝ /
1332,C,verify,v.,verify,Monophthong,/ ɛ /
1333,C,verse,n.,verse,Monophthong,/ ɝ /
1334,C,versus,prep.,versus,Monophthong,/ ɝ /
1335,C,vessel,n.,vessel,Monophthong,/ ɛ /
1336,C,veteran,n.,veteran,Monophthong,/ ɛ /
1337,C,viable,adj.,viable,Diphthong,/ aɪ /
1338,C,vibrant,adj.,vibrant,Diphthong,/ aɪ /
1339,C,vice,n.,vice,Diphthong,/ aɪ /
1340,C,vicious,adj.,vicious,Monophthong,/ ɪ /
1341,C,villager,n.,villager,Monophthong,/ ɪ /
1342,C,violate,v.,violate,Diphthong,/ aɪ /
1343,C,violation,n.,violation,Diphthong,/ eɪ /
1344,C,virtue,n.,virtue,Monophthong,/ ɝ /
1345,C,vocal,adj.,vocal,Diphthong,/ oʊ /
1346,C,vow,v.,vow,Diphthong,/ aʊ /
1347,C,vulnerability,n.,vulnerability,Monophthong,/ ɪ /
1348,C,vulnerable,adj.,vulnerable,Monophthong,/ ʌ /
1349,C,ward,n.,ward,Monophthong,/ ɔ /
1350,C,warehouse,n.,warehouse,Diphthong,/ ɛ /
1351,C,warfare,n.,warfare,Monophthong,/ ɛ /
1352,C,warrant,n.,warrant,Monophthong,/ ɔ /
1353,C,warrant,v.,warrant,Monophthong,/ ɔ /
1354,C,warrior,n.,warrior,Monophthong,/ ɔ /
1355,C,weaken,v.,weaken,Monophthong,/ i /
1356,C,weave,v.,weave,Monophthong,/ i /
1357,C,weed,n.,weed,Monophthong,/ i /
1358,C,well,n.,well,Monophthong,/ ɛ /
1359,C,well-being,n.,well-being,Monophthong,/ ɛ /
1360,C,whatsoever,adv.,whatsoever,Monophthong,/ ɛ /
1361,C,whereby,adv.,whereby,Diphthong,/ aɪ /
1362,C,whilst,conj.,whilst,Diphthong,/ aɪ /
1363,C,whip,v.,whip,Monophthong,/ ɪ /
1364,C,wholly,adv.,wholly,Diphthong,/ oʊ /
1365,C,widen,v.,widen,Diphthong,/ aɪ /
1366,C,widow,n.,widow,Monophthong,/ ɪ /
1367,C,width,n.,width,Monophthong,/ ɪ /
1368,C,willingness,n.,willingness,Monophthong,/ ɪ /
1369,C,wipe,v.,wipe,Diphthong,/ aɪ /
1370,C,wit,n.,wit,Monophthong,/ ɪ /
1371,C,withdrawal,n.,withdrawal,Monophthong,/ ɔ /
1372,C,workout,n.,workout,Monophthong,/ ɝ /
1373,C,worship,n.,worship,Monophthong,/ ɝ /
1374,C,worship,v.,worship,Monophthong,/ ɝ /
1375,C,worthwhile,adj.,worthwhile,Diphthong,/ aɪ /
1376,C,worthy,adj.,worthy,Monophthong,/ ɝ /
1377,C,yell,v.,yell,Monophthong,/ ɛ /
1378,C,yield,n.,yield,Monophthong,/ i /
1379,C,yield,v.,yield,Monophthong,/ i /
1380,C,youngster,n.,youngster,Monophthong,/ ʌ /
1,B,absorb,v.,Monophthong,absorb,/ ɔ /
2,B,abstract,n.,Monophthong,abstract,/ æ /
3,B,abstract,adj.,Monophthong,abstract,/ æ /
4,B,accent,n.,Monophthong,accent,/ æ /
5,B,accidentally,adv.,Monophthong,accidentally,/ ɛ /
6,B,accommodate,v.,Monophthong,accommodate,/ ɑ /
7,B,accomplish,v.,Monophthong,accomplish,/ ɑ /
8,B,accountant,n.,Diphthong,accountant,/ aʊ /
9,B,accuracy,n.,Monophthong,accuracy,/ æ /
10,B,accurately,adv.,Monophthong,accurately,/ æ /
11,B,acid,n.,Monophthong,acid,/ æ /
12,B,activate,v.,Monophthong,activate,/ æ /
13,B,addiction,n.,Monophthong,addiction,/ ɪ /
14,B,additionally,adv.,Monophthong,additionally,/ ɪ /
15,B,adequate,adj.,Monophthong,adequate,/ æ /
16,B,adequately,adv.,Monophthong,adequately,/ æ /
17,B,adjust,v.,Monophthong,adjust,/ ʌ /
18,B,affordable,adj.,Monophthong,affordable,/ ɔ /
19,B,agriculture,n.,Monophthong,agriculture,/ æ /
20,B,AIDS,n.,Diphthong,AIDS,/ eɪ /
21,B,alien,n.,Diphthong,alien,/ eɪ /
22,B,alongside,prep.,Diphthong,alongside,/ aɪ /
23,B,altogether,adv.,Monophthong,altogether,/ ɛ /
24,B,ambulance,n.,Monophthong,ambulance,/ æ /
25,B,amusing,adj.,Monophthong,amusing,/ u /
26,B,analyst,n.,Monophthong,analyst,/ æ /
27,B,ancestor,n.,Monophthong,ancestor,/ æ /
28,B,animation,n.,Diphthong,animation,/ eɪ /
29,B,annually,adv.,Monophthong,annually,/ æ /
30,B,anticipate,v.,Monophthong,anticipate,/ ɪ /
31,B,anxiety,n.,Diphthong,anxiety,/ aɪ /
32,B,apology,n.,Monophthong,apology,/ ɑ /
33,B,applicant,n.,Monophthong,applicant,/ æ /
34,B,appropriately,adv.,Diphthong,appropriately,/ oʊ /
35,B,arrow,n.,Monophthong,arrow,/ æ /
36,B,artwork,n.,Monophthong,artwork,/ ɑ /
37,B,aside,adv.,Diphthong,aside,/ aɪ /
38,B,asset,n.,Monophthong,asset,/ æ /
39,B,assign,v.,Diphthong,assign,/ aɪ /
40,B,assistance,n.,Monophthong,assistance,/ ɪ /
41,B,assumption,n.,Monophthong,assumption,/ ʌ /
42,B,assure,v.,Monophthong,assure,/ ʊ /
43,B,astonishing,adj.,Monophthong,astonishing,/ ɑ /
44,B,attachment,n.,Monophthong,attachment,/ æ /
45,B,auction,n.,Monophthong,auction,/ ɔ /
46,B,audio,adj.,Monophthong,audio,/ ɔ /
47,B,automatic,adj.,Monophthong,automatic,/ æ /
48,B,automatically,adv.,Monophthong,automatically,/ æ /
49,B,awareness,n.,Monophthong,awareness,/ ɝ /
50,B,awkward,adj.,Monophthong,awkward,/ ɔ /
51,B,badge,n.,Monophthong,badge,/ æ /
52,B,balanced,adj.,Monophthong,balanced,/ æ /
53,B,ballet,n.,Diphthong,ballet,/ eɪ /
54,B,balloon,n.,Monophthong,balloon,/ u /
55,B,barely,adv.,Monophthong,barely,/ ɛ /
56,B,bargain,n.,Monophthong,bargain,/ ɑ /
57,B,basement,n.,Diphthong,basement,/ eɪ /
58,B,basket,n.,Monophthong,basket,/ æ /
59,B,bat,n.,Monophthong,bat,/ æ /
60,B,beneficial,adj.,Monophthong,beneficial,/ ɪ /
61,B,beside,prep.,Diphthong,beside,/ aɪ /
62,B,besides,prep.,Diphthong,besides,/ aɪ /
63,B,besides,adv.,Diphthong,besides,/ aɪ /
64,B,bias,n.,Diphthong,bias,/ aɪ /
65,B,bid,n.,Monophthong,bid,/ ɪ /
66,B,bid,v.,Monophthong,bid,/ ɪ /
67,B,biological,adj.,Monophthong,biological,/ ɑ /
68,B,blanket,n.,Monophthong,blanket,/ æ /
69,B,blow,n.,Diphthong,blow,/ oʊ /
70,B,bold,adj.,Diphthong,bold,/ oʊ /
71,B,bombing,n.,Monophthong,bombing,/ ɑ /
72,B,booking,n.,Monophthong,booking,/ ʊ /
73,B,boost,v.,Monophthong,boost,/ u /
74,B,boost,n.,Monophthong,boost,/ u /
75,B,bound,adj.,Diphthong,bound,/ aʊ /
76,B,brick,n.,Monophthong,brick,/ ɪ /
77,B,briefly,adv.,Monophthong,briefly,/ i /
78,B,broadcaster,n.,Monophthong,broadcaster,/ ɔ /
79,B,broadly,adv.,Monophthong,broadly,/ ɔ /
80,B,bug,n.,Monophthong,bug,/ ʌ /
81,B,cabin,n.,Monophthong,cabin,/ æ /
82,B,canal,n.,Monophthong,canal,/ æ /
83,B,candle,n.,Monophthong,candle,/ æ /
84,B,carbon,n.,Monophthong,carbon,/ ɑ /
85,B,casual,adj.,Monophthong,casual,/ æ /
86,B,cave,n.,Diphthong,cave,/ eɪ /
87,B,certainty,n.,Monophthong,certainty,/ ɝ /
88,B,certificate,n.,Monophthong,certificate,/ ɪ /
89,B,challenging,adj.,Monophthong,challenging,/ æ /
90,B,championship,n.,Monophthong,championship,/ æ /
91,B,charming,adj.,Monophthong,charming,/ ɑ /
92,B,chase,v.,Diphthong,chase,/ eɪ /
93,B,chase,n.,Diphthong,chase,/ aɪ /
94,B,cheek,n.,Monophthong,cheek,/ i /
95,B,cheer,v.,Monophthong,cheer,/ ɝ /
96,B,cheer,n.,Monophthong,cheer,/ ɝ /
97,B,choir,n.,Diphthong,choir,/ aɪ /
98,B,chop,v.,Monophthong,chop,/ ɑ /
99,B,circuit,n.,Monophthong,circuit,/ ɝ /
100,B,civilization,n.,Diphthong,civilization,/ eɪ /
101,B,clarify,v.,Monophthong,clarify,/ æ /
102,B,classify,v.,Monophthong,classify,/ æ /
103,B,clerk,n.,Monophthong,clerk,/ ɝ /
104,B,cliff,n.,Monophthong,cliff,/ ɪ /
105,B,clinic,n.,Monophthong,clinic,/ ɪ /
106,B,clip,n.,Monophthong,clip,/ ɪ /
107,B,coincidence,n.,Monophthong,coincidence,/ ɪ /
108,B,collector,n.,Monophthong,collector,/ ɛ /
109,B,colony,n.,Monophthong,colony,/ ɑ /
110,B,colorful,adj.,Monophthong,colorful,/ ʌ /
111,B,comic,adj.,Monophthong,comic,/ ɑ /
112,B,comic,n.,Monophthong,comic,/ ɑ /
113,B,commander,n.,Monophthong,commander,/ æ /
114,B,comparative,adj.,Monophthong,comparative,/ æ /
115,B,completion,n.,Monophthong,completion,/ i /
116,B,compose,v.,Diphthong,compose,/ oʊ /
117,B,composer,n.,Diphthong,composer,/ oʊ /
118,B,compound,n.,Diphthong,compound,/ aʊ /
119,B,comprehensive,adj.,Monophthong,comprehensive,/ ɛ /
120,B,comprise,v.,Diphthong,comprise,/ aɪ /
121,B,compulsory,adj.,Monophthong,compulsory,/ ʌ /
122,B,concrete,adj.,Monophthong,concrete,/ ɑ /
123,B,concrete,n.,Monophthong,concrete,/ ɑ /
124,B,confess,v.,Monophthong,confess,/ ɛ /
125,B,confusion,n.,Monophthong,confusion,/ u /
126,B,consequently,adv.,Monophthong,consequently,/ ɑ /
127,B,conservation,n.,Diphthong,conservation,/ eɪ /
128,B,considerable,adj.,Monophthong,considerable,/ ɪ /
129,B,considerably,adv.,Monophthong,considerably,/ ɪ /
130,B,consistently,adv.,Monophthong,consistently,/ ɪ /
131,B,conspiracy,n.,Monophthong,conspiracy,/ ɪ /
132,B,consult,v.,Monophthong,consult,/ ʌ /
133,B,consultant,n.,Monophthong,consultant,/ ʌ /
134,B,consumption,n.,Monophthong,consumption,/ ʌ /
135,B,controversial,adj.,Monophthong,controversial,/ ɝ /
136,B,controversy,n.,Monophthong,controversy,/ ɑ /
137,B,convenience,n.,Monophthong,convenience,/ i /
138,B,convention,n.,Monophthong,convention,/ ɛ /
139,B,conventional,adj.,Monophthong,conventional,/ ɛ /
140,B,convey,v.,Diphthong,convey,/ eɪ /
141,B,convincing,adj.,Monophthong,convincing,/ ɪ /
142,B,cope,v.,Diphthong,cope,/ oʊ /
143,B,corporation,n.,Diphthong,corporation,/ eɪ /
144,B,corridor,n.,Monophthong,corridor,/ ɔ /
145,B,counter,n.,Diphthong,counter,/ aʊ /
146,B,coverage,n.,Monophthong,coverage,/ ʌ /
147,B,crack,v.,Monophthong,crack,/ æ /
148,B,crack,n.,Monophthong,crack,/ æ /
149,B,craft,n.,Monophthong,craft,/ æ /
150,B,creativity,n.,Monophthong,creativity,/ ɪ /
151,B,critically,adv.,Monophthong,critically,/ ɪ /
152,B,cruise,n.,Monophthong,cruise,/ u /
153,B,cruise,v.,Monophthong,cruise,/ u /
154,B,cue,n.,Monophthong,cue,/ u /
155,B,curious,adj.,Monophthong,curious,/ ʊ /
156,B,curriculum,n.,Monophthong,curriculum,/ ɪ /
157,B,cute,adj.,Monophthong,cute,/ u /
158,B,dairy,n.,Monophthong,dairy,/ ɛ /
159,B,dairy,adj.,Monophthong,dairy,/ ɛ /
160,B,dare,v.,Monophthong,dare,/ ɛ /
161,B,darkness,n.,Monophthong,darkness,/ ɑ /
162,B,database,n.,Diphthong,database,/ eɪ /
163,B,deadline,n.,Monophthong,deadline,/ ɛ /
164,B,deadly,adj.,Monophthong,deadly,/ ɛ /
165,B,dealer,n.,Monophthong,dealer,/ i /
166,B,deck,n.,Monophthong,deck,/ ɛ /
167,B,defender,n.,Monophthong,defender,/ ɛ /
168,B,delete,v.,Monophthong,delete,/ i /
169,B,democracy,n.,Monophthong,democracy,/ ɑ /
170,B,democratic,adj.,Monophthong,democratic,/ æ /
171,B,demonstration,n.,Diphthong,demonstration,/ eɪ /
172,B,depart,v.,Monophthong,depart,/ ɑ /
173,B,dependent,adj.,Monophthong,dependent,/ ɛ /
174,B,deposit,n.,Monophthong,deposit,/ ɑ /
175,B,depression,n.,Monophthong,depression,/ ɛ /
176,B,derive,v.,Diphthong,derive,/ aɪ /
177,B,desperately,adv.,Monophthong,desperately,/ ɛ /
178,B,destruction,n.,Monophthong,destruction,/ ʌ /
179,B,determination,n.,Diphthong,determination,/ eɪ /
180,B,devote,v.,Diphthong,devote,/ oʊ /
181,B,differ,v.,Monophthong,differ,/ ɪ /
182,B,disability,n.,Monophthong,disability,/ ɪ /
183,B,disabled,adj.,Diphthong,disabled,/ eɪ /
184,B,disagreement,n.,Monophthong,disagreement,/ i /
185,B,disappoint,v.,Diphthong,disappoint,/ ɔɪ /
186,B,disappointment,n.,Diphthong,disappointment,/ ɔɪ /
187,B,discourage,v.,Monophthong,discourage,/ ɝ /
188,B,disorder,n.,Monophthong,disorder,/ ɔ /
189,B,distant,adj.,Monophthong,distant,/ ɪ /
190,B,distinct,adj.,Monophthong,distinct,/ ɪ /
191,B,distinguish,v.,Monophthong,distinguish,/ ɪ /
192,B,distract,v.,Monophthong,distract,/ æ /
193,B,disturb,v.,Monophthong,disturb,/ ɝ /
194,B,dive,v.,Diphthong,dive,/ aɪ /
195,B,diverse,adj.,Monophthong,diverse,/ ɝ /
196,B,diversity,n.,Monophthong,diversity,/ ɝ /
197,B,divorce,v.,Monophthong,divorce,/ ɔ /
198,B,dominant,adj.,Monophthong,dominant,/ ɑ /
199,B,donation,n.,Diphthong,donation,/ eɪ /
200,B,dot,n.,Monophthong,dot,/ ɑ /
201,B,downtown,n.,Diphthong,downtown,/ aʊ /
202,B,dramatically,adv.,Monophthong,dramatically,/ æ /
203,B,drought,n.,Diphthong,drought,/ aʊ /
204,B,dull,adj.,Monophthong,dull,/ ʌ /
205,B,dump,v.,Monophthong,dump,/ ʌ /
206,B,duration,n.,Diphthong,duration,/ eɪ /
207,B,dynamic,adj.,Monophthong,dynamic,/ æ /
208,B,economics,n.,Monophthong,economics,/ ɑ /
209,B,economist,n.,Monophthong,economist,/ ɑ /
210,B,editorial,adj.,Monophthong,editorial,/ ɔ /
211,B,efficiently,adv.,Monophthong,efficiently,/ ɪ /
212,B,elbow,n.,Monophthong,elbow,/ ɛ /
213,B,electronics,n.,Monophthong,electronics,/ ɑ /
214,B,elegant,adj.,Monophthong,elegant,/ ɛ /
215,B,elementary,adj.,Monophthong,elementary,/ ɛ /
216,B,eliminate,v.,Monophthong,eliminate,/ ɪ /
217,B,embrace,v.,Diphthong,embrace,/ eɪ /
218,B,emission,n.,Monophthong,emission,/ ɪ /
219,B,emotionally,adv.,Diphthong,emotionally,/ oʊ /
220,B,empire,n.,Monophthong,empire,/ ɛ /
221,B,enjoyable,adj.,Diphthong,enjoyable,/ ɔɪ /
222,B,entertaining,adj.,Diphthong,entertaining,/ eɪ /
223,B,entrepreneur,n.,Monophthong,entrepreneur,/ ʊ /
224,B,envelope,n.,Monophthong,envelope,/ ɛ /
225,B,equip,v.,Monophthong,equip,/ ɪ /
226,B,equivalent,adj.,Monophthong,equivalent,/ ɪ /
227,B,era,n.,Monophthong,era,/ ɛ /
228,B,erupt,v.,Monophthong,erupt,/ ʌ /
229,B,essentially,adv.,Monophthong,essentially,/ ɛ /
230,B,ethic,n.,Monophthong,ethic,/ ɛ /
231,B,ethnic,adj.,Monophthong,ethnic,/ ɛ /
232,B,evaluation,n.,Diphthong,evaluation,/ eɪ /
233,B,evident,adj.,Monophthong,evident,/ ɛ /
234,B,evolution,n.,Monophthong,evolution,/ u /
235,B,evolve,v.,Monophthong,evolve,/ ɑ /
236,B,exceed,v.,Monophthong,exceed,/ i /
237,B,exception,n.,Monophthong,exception,/ ɛ /
238,B,excessive,adj.,Monophthong,excessive,/ ɛ /
239,B,exclude,v.,Monophthong,exclude,/ u /
240,B,exhibit,v.,Monophthong,exhibit,/ ɪ /
241,B,exit,n.,Monophthong,exit,/ ɛ /
242,B,exotic,adj.,Monophthong,exotic,/ ɑ /
243,B,expansion,n.,Monophthong,expansion,/ æ /
244,B,expertise,n.,Monophthong,expertise,/ i /
245,B,exploit,v.,Diphthong,exploit,/ ɔɪ /
246,B,exposure,n.,Diphthong,exposure,/ oʊ /
247,B,extension,n.,Monophthong,extension,/ ɛ /
248,B,extensive,adj.,Monophthong,extensive,/ ɛ /
249,B,extensively,adv.,Monophthong,extensively,/ ɛ /
250,B,extract,n.,Monophthong,extract,/ ɛ /
251,B,fabric,n.,Monophthong,fabric,/ æ /
252,B,fabulous,adj.,Monophthong,fabulous,/ æ /
253,B,failed,adj.,Diphthong,failed,/ eɪ /
254,B,fake,adj.,Diphthong,fake,/ eɪ /
255,B,fame,n.,Diphthong,fame,/ eɪ /
256,B,fantasy,n.,Monophthong,fantasy,/ æ /
257,B,fare,n.,Monophthong,fare,/ ɛ /
258,B,federal,adj.,Monophthong,federal,/ ɛ /
259,B,fever,n.,Monophthong,fever,/ i /
260,B,firefighter,n.,Diphthong,firefighter,/ aɪ /
261,B,firework,n.,Diphthong,firework,/ aɪ /
262,B,firm,adj.,Monophthong,firm,/ ɝ /
263,B,firmly,adv.,Monophthong,firmly,/ ɝ /
264,B,flavour,n.,Diphthong,flavour,/ eɪ /
265,B,fond,adj.,Monophthong,fond,/ ɑ /
266,B,fool,n.,Monophthong,fool,/ u /
267,B,forbid,v.,Monophthong,forbid,/ ɪ /
268,B,forecast,v.,Monophthong,forecast,/ ɔ /
269,B,format,n.,Monophthong,format,/ ɔ /
270,B,formation,n.,Diphthong,formation,/ eɪ /
271,B,formerly,adv.,Monophthong,formerly,/ ɔ /
272,B,fortunate,adj.,Monophthong,fortunate,/ ɔ /
273,B,forum,n.,Monophthong,forum,/ ɔ /
274,B,fossil,n.,Monophthong,fossil,/ ɑ /
275,B,foundation,n.,Diphthong,foundation,/ eɪ /
276,B,founder,n.,Diphthong,founder,/ aʊ /
277,B,fraction,n.,Monophthong,fraction,/ æ /
278,B,fragment,n.,Monophthong,fragment,/ æ /
279,B,framework,n.,Diphthong,framework,/ eɪ /
280,B,fraud,n.,Monophthong,fraud,/ ɔ /
281,B,freely,adv.,Monophthong,freely,/ i /
282,B,frequent,adj.,Monophthong,frequent,/ i /
283,B,fulfil,v.,Monophthong,fulfil,/ ɪ /
284,B,full-time,adj.,Diphthong,full-time,/ aɪ /
285,B,fundamentally,adv.,Monophthong,fundamentally,/ ɛ /
286,B,furious,adj.,Monophthong,furious,/ ʊ /
287,B,gaming,n.,Diphthong,gaming,/ eɪ /
288,B,gay,adj.,Diphthong,gay,/ eɪ /
289,B,gender,n.,Monophthong,gender,/ ɛ /
290,B,gene,n.,Monophthong,gene,/ i /
291,B,genetic,adj.,Monophthong,genetic,/ ɛ /
292,B,genius,n.,Monophthong,genius,/ i /
293,B,genuine,adj.,Monophthong,genuine,/ ɛ /
294,B,genuinely,adv.,Monophthong,genuinely,/ ɛ /
295,B,gesture,n.,Monophthong,gesture,/ ɛ /
296,B,gig,n.,Monophthong,gig,/ ɪ /
297,B,globalization,n.,Diphthong,globalization,/ eɪ /
298,B,globe,n.,Diphthong,globe,/ oʊ /
299,B,golden,adj.,Diphthong,golden,/ oʊ /
300,B,goodness,n.,Monophthong,goodness,/ ʊ /
301,B,gorgeous,adj.,Monophthong,gorgeous,/ ɔ /
302,B,governor,n.,Monophthong,governor,/ ʌ /
303,B,graphic,adj.,Monophthong,graphic,/ æ /
304,B,graphics,n.,Monophthong,graphics,/ æ /
305,B,greatly,adv.,Diphthong,greatly,/ eɪ /
306,B,greenhouse,n.,Monophthong,greenhouse,/ i /
307,B,grocery,n.,Diphthong,grocery,/ oʊ /
308,B,guideline,n.,Diphthong,guideline,/ aɪ /
309,B,habitat,n.,Monophthong,habitat,/ æ /
310,B,harbor,n.,Monophthong,harbor,/ ɑ /
311,B,headquarters,n.,Monophthong,headquarters,/ ɛ /
312,B,heal,v.,Monophthong,heal,/ i /
313,B,healthcare,n.,Monophthong,healthcare,/ ɛ /
314,B,helmet,n.,Monophthong,helmet,/ ɛ /
315,B,hence,adv.,Monophthong,hence,/ ɛ /
316,B,herb,n.,Monophthong,herb,/ ɝ /
317,B,hidden,adj.,Monophthong,hidden,/ ɪ /
318,B,highway,n.,Diphthong,highway,/ aɪ /
319,B,hilarious,adj.,Monophthong,hilarious,/ ɛ /
320,B,hip,n.,Monophthong,hip,/ ɪ /
321,B,historian,n.,Monophthong,historian,/ ɔ /
322,B,homeless,adj.,Diphthong,homeless,/ oʊ /
323,B,honesty,n.,Monophthong,honesty,/ ɑ /
324,B,hook,n.,Monophthong,hook,/ ʊ /
325,B,hopefully,adv.,Diphthong,hopefully,/ oʊ /
326,B,hunger,n.,Monophthong,hunger,/ ʌ /
327,B,hypothesis,n.,Monophthong,hypothesis,/ ɑ /
328,B,icon,n.,Diphthong,icon,/ aɪ /
329,B,identical,adj.,Monophthong,identical,/ ɛ /
330,B,illusion,n.,Monophthong,illusion,/ u /
331,B,immigration,n.,Diphthong,immigration,/ eɪ /
332,B,immune,adj.,Monophthong,immune,/ u /
333,B,implement,v.,Monophthong,implement,/ ɪ /
334,B,implication,n.,Diphthong,implication,/ eɪ /
335,B,incentive,n.,Monophthong,incentive,/ ɛ /
336,B,incorporate,v.,Monophthong,incorporate,/ ɔ /
337,B,incorrect,adj.,Monophthong,incorrect,/ ɛ /
338,B,independence,n.,Monophthong,independence,/ ɛ /
339,B,index,n.,Monophthong,index,/ ɪ /
340,B,indication,n.,Diphthong,indication,/ eɪ /
341,B,inevitable,adj.,Monophthong,inevitable,/ ɛ /
342,B,inevitably,adv.,Monophthong,inevitably,/ ɛ /
343,B,infer,v.,Monophthong,infer,/ ɝ /
344,B,inflation,n.,Diphthong,inflation,/ eɪ /
345,B,info,n.,Monophthong,info,/ ɪ /
346,B,infrastructure,n.,Monophthong,infrastructure,/ ɪ /
347,B,inhabitant,n.,Monophthong,inhabitant,/ æ /
348,B,inherit,v.,Monophthong,inherit,/ ɛ /
349,B,ink,n.,Monophthong,ink,/ ɪ /
350,B,innovation,n.,Diphthong,innovation,/ eɪ /
351,B,innovative,adj.,Monophthong,innovative,/ ɪ /
352,B,input,n.,Monophthong,input,/ ɪ /
353,B,insert,v.,Monophthong,insert,/ ɝ /
354,B,inspector,n.,Monophthong,inspector,/ ɛ /
355,B,installation,n.,Diphthong,installation,/ eɪ /
356,B,instant,adj.,Monophthong,instant,/ ɪ /
357,B,instantly,adv.,Monophthong,instantly,/ ɪ /
358,B,integrate,v.,Monophthong,integrate,/ ɪ /
359,B,intellectual,adj.,Monophthong,intellectual,/ ɛ /
360,B,interact,v.,Monophthong,interact,/ æ /
361,B,interaction,n.,Monophthong,interaction,/ æ /
362,B,interpretation,n.,Diphthong,interpretation,/ eɪ /
363,B,interval,n.,Monophthong,interval,/ ɪ /
364,B,invade,v.,Diphthong,invade,/ eɪ /
365,B,invasion,n.,Diphthong,invasion,/ eɪ /
366,B,investor,n.,Monophthong,investor,/ ɛ /
367,B,isolate,v.,Diphthong,isolate,/ aɪ /
368,B,isolated,adj.,Diphthong,isolated,/ aɪ /
369,B,jail,n.,Diphthong,jail,/ eɪ /
370,B,jet,n.,Monophthong,jet,/ ɛ /
371,B,joint,adj.,Diphthong,joint,/ ɔɪ /
372,B,joint,n.,Diphthong,joint,/ ɔɪ /
373,B,journalism,n.,Monophthong,journalism,/ ɝ /
374,B,jury,n.,Monophthong,jury,/ ʊ /
375,B,kit,n.,Monophthong,kit,/ ɪ /
376,B,ladder,n.,Monophthong,ladder,/ æ /
377,B,landing,n.,Monophthong,landing,/ æ /
378,B,lane,n.,Diphthong,lane,/ eɪ /
379,B,lately,adv.,Diphthong,lately,/ eɪ /
380,B,leaflet,n.,Monophthong,leaflet,/ i /
381,B,legend,n.,Monophthong,legend,/ ɛ /
382,B,lens,n.,Monophthong,lens,/ ɛ /
383,B,lifetime,n.,Diphthong,lifetime,/ aɪ /
384,B,lighting,n.,Diphthong,lighting,/ aɪ /
385,B,likewise,adv.,Diphthong,likewise,/ aɪ /
386,B,limitation,n.,Diphthong,limitation,/ eɪ /
387,B,literally,adv.,Monophthong,literally,/ ɪ /
388,B,literary,adj.,Monophthong,literary,/ ɪ /
389,B,litre,n.,Monophthong,litre,/ i /
390,B,litter,n.,Monophthong,litter,/ ɪ /
391,B,logo,n.,Diphthong,logo,/ oʊ /
392,B,lottery,n.,Monophthong,lottery,/ ɑ /
393,B,loyal,adj.,Diphthong,loyal,/ ɔɪ /
394,B,lyric,n.,Monophthong,lyric,/ ɪ /
395,B,magnificent,adj.,Monophthong,magnificent,/ ɪ /
396,B,make-up,n.,Diphthong,make-up,/ eɪ /
397,B,making,n.,Diphthong,making,/ eɪ /
398,B,manufacture,v.,Monophthong,manufacture,/ æ /
399,B,manufacturing,n.,Monophthong,manufacturing,/ æ /
400,B,marathon,n.,Monophthong,marathon,/ æ /
401,B,margin,n.,Monophthong,margin,/ ɑ /
402,B,marker,n.,Monophthong,marker,/ ɑ /
403,B,martial,adj.,Monophthong,martial,/ ɑ /
404,B,mate,n.,Diphthong,mate,/ eɪ /
405,B,mate,v.,Diphthong,mate,/ eɪ /
406,B,mayor,n.,Diphthong,mayor,/ eɪ /
407,B,mechanic,n.,Monophthong,mechanic,/ æ /
408,B,mechanical,adj.,Monophthong,mechanical,/ æ /
409,B,mechanism,n.,Monophthong,mechanism,/ ɛ /
410,B,medal,n.,Monophthong,medal,/ ɛ /
411,B,medication,n.,Diphthong,medication,/ eɪ /
412,B,membership,n.,Monophthong,membership,/ ɛ /
413,B,memorable,adj.,Monophthong,memorable,/ ɛ /
414,B,metaphor,n.,Monophthong,metaphor,/ ɛ /
415,B,miner,n.,Diphthong,miner,/ aɪ /
416,B,miserable,adj.,Monophthong,miserable,/ ɪ /
417,B,mode,n.,Diphthong,mode,/ oʊ /
418,B,modest,adj.,Monophthong,modest,/ ɑ /
419,B,monster,n.,Monophthong,monster,/ ɑ /
420,B,monthly,adj.,Monophthong,monthly,/ ʌ /
421,B,monument,n.,Monophthong,monument,/ ɑ /
422,B,moreover,adv.,Diphthong,moreover,/ oʊ /
423,B,mortgage,n.,Monophthong,mortgage,/ ɔ /
424,B,mosque,n.,Monophthong,mosque,/ ɑ /
425,B,motion,n.,Diphthong,motion,/ oʊ /
426,B,motivate,v.,Diphthong,motivate,/ oʊ /
427,B,motivation,n.,Diphthong,motivation,/ oʊ /
428,B,moving,adj.,Monophthong,moving,/ u /
429,B,myth,n.,Monophthong,myth,/ ɪ /
430,B,naked,adj.,Diphthong,naked,/ eɪ /
431,B,nasty,adj.,Monophthong,nasty,/ æ /
432,B,navigation,n.,Diphthong,navigation,/ eɪ /
433,B,nearby,adj.,Monophthong,nearby,/ ɪ /
434,B,nearby,adv.,Monophthong,nearby,/ ɪ /
435,B,necessity,n.,Monophthong,necessity,/ ɛ /
436,B,negotiate,v.,Diphthong,negotiate,/ oʊ /
437,B,negotiation,n.,Diphthong,negotiation,/ eɪ /
438,B,neutral,adj.,Monophthong,neutral,/ u /
439,B,newly,adv.,Monophthong,newly,/ u /
440,B,norm,n.,Monophthong,norm,/ ɔ /
441,B,notebook,n.,Diphthong,notebook,/ oʊ /
442,B,novelist,n.,Monophthong,novelist,/ ɑ /
443,B,nowadays,adv.,Diphthong,nowadays,/ aʊ /
444,B,nursing,adj.,Monophthong,nursing,/ ɝ /
445,B,nutrition,n.,Monophthong,nutrition,/ ɪ /
446,B,obesity,n.,Diphthong,obesity,/ oʊ /
447,B,observer,n.,Monophthong,observer,/ ɝ /
448,B,obstacle,n.,Monophthong,obstacle,/ ɑ /
449,B,occupation,n.,Diphthong,occupation,/ eɪ /
450,B,occupy,v.,Monophthong,occupy,/ ɑ /
451,B,offender,n.,Monophthong,offender,/ ɛ /
452,B,ongoing,adj.,Monophthong,ongoing,/ ɑ /
453,B,openly,adv.,Diphthong,openly,/ oʊ /
454,B,opera,n.,Monophthong,opera,/ ɑ /
455,B,operator,n.,Monophthong,operator,/ ɑ /
456,B,optimistic,adj.,Monophthong,optimistic,/ ɪ /
457,B,orchestra,n.,Monophthong,orchestra,/ ɔ /
458,B,organic,adj.,Monophthong,organic,/ æ /
459,B,outfit,n.,Diphthong,outfit,/ aʊ /
460,B,output,n.,Diphthong,output,/ aʊ /
461,B,outstanding,adj.,Diphthong,outstanding,/ aʊ /
462,B,overcome,v.,Monophthong,overcome,/ ʌ /
463,B,overnight,adv.,Diphthong,overnight,/ aɪ /
464,B,overseas,adv.,Monophthong,overseas,/ i /
465,B,overseas,adj.,Monophthong,overseas,/ i /
466,B,ownership,n.,Diphthong,ownership,/ oʊ /
467,B,oxygen,n.,Monophthong,oxygen,/ ɑ /
468,B,packet,n.,Monophthong,packet,/ æ /
469,B,palm,n.,Monophthong,palm,/ ɑ /
470,B,panic,n.,Monophthong,panic,/ æ /
471,B,parade,n.,Diphthong,parade,/ eɪ /
472,B,parallel,adj.,Monophthong,parallel,/ æ /
473,B,parallel,n.,Monophthong,parallel,/ æ /
474,B,participation,n.,Diphthong,participation,/ eɪ /
475,B,partnership,n.,Monophthong,partnership,/ ɑ /
476,B,part-time,adj.,Diphthong,part-time,/ aɪ /
477,B,part-time,adv.,Diphthong,part-time,/ aɪ /
478,B,passionate,adj.,Monophthong,passionate,/ æ /
479,B,password,n.,Monophthong,password,/ æ /
480,B,patience,n.,Diphthong,patience,/ eɪ /
481,B,pause,v.,Monophthong,pause,/ ɔ /
482,B,pause,n.,Monophthong,pause,/ ɔ /
483,B,peer,n.,Monophthong,peer,/ ɪ /
484,B,penalty,n.,Monophthong,penalty,/ ɛ /
485,B,perceive,v.,Monophthong,perceive,/ i /
486,B,perception,n.,Monophthong,perception,/ ɛ /
487,B,permanently,adv.,Monophthong,permanently,/ ɝ /
488,B,pill,n.,Monophthong,pill,/ ɪ /
489,B,pity,n.,Monophthong,pity,/ ɪ /
490,B,placement,n.,Diphthong,placement,/ eɪ /
491,B,portion,n.,Monophthong,portion,/ ɔ /
492,B,potentially,adv.,Monophthong,potentially,/ ɛ /
493,B,precede,v.,Monophthong,precede,/ i /
494,B,precious,adj.,Monophthong,precious,/ ɛ /
495,B,precise,adj.,Diphthong,precise,/ aɪ /
496,B,precisely,adv.,Diphthong,precisely,/ aɪ /
497,B,predictable,adj.,Monophthong,predictable,/ ɪ /
498,B,preference,n.,Monophthong,preference,/ ɛ /
499,B,pride,n.,Diphthong,pride,/ aɪ /
500,B,primarily,adv.,Monophthong,primarily,/ ɛ /
501,B,principal,adj.,Monophthong,principal,/ ɪ /
502,B,prior,adj.,Diphthong,prior,/ aɪ /
503,B,probability,n.,Monophthong,probability,/ ɪ /
504,B,probable,adj.,Monophthong,probable,/ ɑ /
505,B,proceed,v.,Monophthong,proceed,/ i /
506,B,programming,n.,Diphthong,programming,/ oʊ /
507,B,progressive,adj.,Monophthong,progressive,/ ɛ /
508,B,prohibit,v.,Monophthong,prohibit,/ ɪ /
509,B,promising,adj.,Monophthong,promising,/ ɑ /
510,B,promotion,n.,Diphthong,promotion,/ oʊ /
511,B,prompt,v.,Monophthong,prompt,/ ɑ /
512,B,proportion,n.,Monophthong,proportion,/ ɔ /
513,B,protein,n.,Diphthong,protein,/ oʊ /
514,B,protester,n.,Diphthong,protester,/ oʊ /
515,B,psychological,adj.,Diphthong,psychological,/ aɪ /
516,B,publicity,n.,Monophthong,publicity,/ ɪ /
517,B,publishing,n.,Monophthong,publishing,/ ʌ /
518,B,punk,n.,Monophthong,punk,/ ʌ /
519,B,purely,adv.,Monophthong,purely,/ ʊ /
520,B,pursuit,n.,Monophthong,pursuit,/ u /
521,B,puzzle,n.,Monophthong,puzzle,/ ʌ /
522,B,questionnaire,n.,Monophthong,questionnaire,/ ɛ /
523,B,racial,adj.,Diphthong,racial,/ eɪ /
524,B,racism,n.,Diphthong,racism,/ eɪ /
525,B,racist,n.,Diphthong,racist,/ eɪ /
526,B,radiation,n.,Diphthong,radiation,/ eɪ /
527,B,rail,n.,Diphthong,rail,/ eɪ /
528,B,random,adj.,Monophthong,random,/ æ /
529,B,rat,n.,Monophthong,rat,/ æ /
530,B,rating,n.,Diphthong,rating,/ eɪ /
531,B,reasonably,adv.,Monophthong,reasonably,/ i /
532,B,rebuild,v.,Monophthong,rebuild,/ ɪ /
533,B,receiver,n.,Monophthong,receiver,/ i /
534,B,recession,n.,Monophthong,recession,/ ɛ /
535,B,reckon,v.,Monophthong,reckon,/ ɛ /
536,B,recognition,n.,Monophthong,recognition,/ ɪ /
537,B,recovery,n.,Monophthong,recovery,/ ʌ /
538,B,recruit,v.,Monophthong,recruit,/ u /
539,B,recruit,n.,Monophthong,recruit,/ u /
540,B,recruitment,n.,Monophthong,recruitment,/ u /
541,B,referee,n.,Monophthong,referee,/ i /
542,B,refugee,n.,Monophthong,refugee,/ i /
543,B,registration,n.,Diphthong,registration,/ eɪ /
544,B,regulate,v.,Monophthong,regulate,/ ɛ /
545,B,reinforce,v.,Monophthong,reinforce,/ ɔ /
546,B,relieve,v.,Monophthong,relieve,/ i /
547,B,relieved,adj.,Monophthong,relieved,/ i /
548,B,remarkable,adj.,Monophthong,remarkable,/ ɑ /
549,B,remarkably,adv.,Monophthong,remarkably,/ ɑ /
550,B,reporting,n.,Monophthong,reporting,/ ɔ /
551,B,resign,v.,Diphthong,resign,/ aɪ /
552,B,resolution,n.,Monophthong,resolution,/ u /
553,B,restore,v.,Monophthong,restore,/ ɔ /
554,B,restrict,v.,Monophthong,restrict,/ ɪ /
555,B,restriction,n.,Monophthong,restriction,/ ɪ /
556,B,retail,n.,Monophthong,retail,/ i /
557,B,retirement,n.,Diphthong,retirement,/ aɪ /
558,B,revenue,n.,Monophthong,revenue,/ ɛ /
559,B,revision,n.,Monophthong,revision,/ ɪ /
560,B,ridiculous,adj.,Monophthong,ridiculous,/ ɪ /
561,B,risky,adj.,Monophthong,risky,/ ɪ /
562,B,rival,n.,Diphthong,rival,/ aɪ /
563,B,rival,adj.,Diphthong,rival,/ aɪ /
564,B,rob,v.,Monophthong,rob,/ ɑ /
565,B,robbery,n.,Monophthong,robbery,/ ɑ /
566,B,rocket,n.,Monophthong,rocket,/ ɑ /
567,B,romance,n.,Diphthong,romance,/ oʊ /
568,B,rose,n.,Diphthong,rose,/ oʊ /
569,B,roughly,adv.,Monophthong,roughly,/ ʌ /
570,B,ruin,v.,Monophthong,ruin,/ u /
571,B,ruin,n.,Monophthong,ruin,/ u /
572,B,satisfaction,n.,Monophthong,satisfaction,/ æ /
573,B,scandal,n.,Monophthong,scandal,/ æ /
574,B,scare,v.,Monophthong,scare,/ ɛ /
575,B,scare,n.,Monophthong,scare,/ ɛ /
576,B,scenario,n.,Monophthong,scenario,/ ɛ /
577,B,scholar,n.,Monophthong,scholar,/ ɑ /
578,B,scholarship,n.,Monophthong,scholarship,/ ɑ /
579,B,scratch,v.,Monophthong,scratch,/ æ /
580,B,scratch,n.,Monophthong,scratch,/ æ /
581,B,screening,n.,Monophthong,screening,/ i /
582,B,seeker,n.,Monophthong,seeker,/ i /
583,B,seminar,n.,Monophthong,seminar,/ ɛ /
584,B,settler,n.,Monophthong,settler,/ ɛ /
585,B,severely,adv.,Monophthong,severely,/ ɪ /
586,B,sexy,adj.,Monophthong,sexy,/ ɛ /
587,B,shaped,adj.,Diphthong,shaped,/ eɪ /
588,B,shocking,adj.,Monophthong,shocking,/ ɑ /
589,B,shore,n.,Monophthong,shore,/ ɔ /
590,B,shortage,n.,Monophthong,shortage,/ ɔ /
591,B,shortly,adv.,Monophthong,shortly,/ ɔ /
592,B,short-term,adj.,Monophthong,short-term,/ ɝ /
593,B,sibling,n.,Monophthong,sibling,/ ɪ /
594,B,signature,n.,Monophthong,signature,/ ɪ /
595,B,significance,n.,Monophthong,significance,/ ɪ /
596,B,skilled,adj.,Monophthong,skilled,/ ɪ /
597,B,skull,n.,Monophthong,skull,/ ʌ /
598,B,slogan,n.,Diphthong,slogan,/ oʊ /
599,B,so-called,adj.,Monophthong,so-called,/ ɔ /
600,B,somehow,adv.,Monophthong,somehow,/ ʌ /
601,B,sometime,adv.,Monophthong,sometime,/ ʌ /
602,B,sophisticated,adj.,Monophthong,sophisticated,/ ɪ /
603,B,spare,adj.,Monophthong,spare,/ ɛ /
604,B,specialize,v.,Monophthong,specialize,/ ɛ /
605,B,specify,v.,Monophthong,specify,/ ɛ /
606,B,spectacular,adj.,Monophthong,spectacular,/ æ /
607,B,spectator,n.,Monophthong,spectator,/ ɛ /
608,B,speculate,v.,Monophthong,speculate,/ ɛ /
609,B,speculation,n.,Diphthong,speculation,/ eɪ /
610,B,spice,n.,Diphthong,spice,/ aɪ /
611,B,spill,v.,Monophthong,spill,/ ɪ /
612,B,spite,n.,Diphthong,spite,/ aɪ /
613,B,spoil,v.,Diphthong,spoil,/ ɔɪ /
614,B,spokesman,n.,Diphthong,spokesman,/ oʊ /
615,B,spokesperson,n.,Diphthong,spokesperson,/ oʊ /
616,B,spokeswoman,n.,Diphthong,spokeswoman,/ oʊ /
617,B,sponsorship,n.,Monophthong,sponsorship,/ ɑ /
618,B,sporting,adj.,Monophthong,sporting,/ ɔ /
619,B,stall,n.,Monophthong,stall,/ ɔ /
620,B,stance,n.,Monophthong,stance,/ æ /
621,B,starve,v.,Monophthong,starve,/ ɑ /
622,B,steadily,adv.,Monophthong,steadily,/ ɛ /
623,B,steam,n.,Monophthong,steam,/ i /
624,B,stimulate,v.,Monophthong,stimulate,/ ɪ /
625,B,strengthen,v.,Monophthong,strengthen,/ ɛ /
626,B,strictly,adv.,Monophthong,strictly,/ ɪ /
627,B,stroke,n.,Diphthong,stroke,/ oʊ /
628,B,stunning,adj.,Monophthong,stunning,/ ʌ /
629,B,subsequent,adj.,Monophthong,subsequent,/ ʌ /
630,B,subsequently,adv.,Monophthong,subsequently,/ ʌ /
631,B,suburb,n.,Monophthong,suburb,/ ʌ /
632,B,suffering,n.,Monophthong,suffering,/ ʌ /
633,B,sufficient,adj.,Monophthong,sufficient,/ ɪ /
634,B,sufficiently,adv.,Monophthong,sufficiently,/ ɪ /
635,B,super,adj.,Monophthong,super,/ u /
636,B,surgeon,n.,Monophthong,surgeon,/ ɝ /
637,B,survival,n.,Diphthong,survival,/ aɪ /
638,B,survivor,n.,Diphthong,survivor,/ aɪ /
639,B,suspend,v.,Monophthong,suspend,/ ɛ /
640,B,sustainable,adj.,Diphthong,sustainable,/ eɪ /
641,B,swallow,v.,Monophthong,swallow,/ ɑ /
642,B,sympathetic,adj.,Monophthong,sympathetic,/ ɛ /
643,B,tackle,v.,Monophthong,tackle,/ æ /
644,B,tag,n.,Monophthong,tag,/ æ /
645,B,tag,v.,Monophthong,tag,/ æ /
646,B,tap,v.,Monophthong,tap,/ æ /
647,B,tap,n.,Monophthong,tap,/ æ /
648,B,technological,adj.,Monophthong,technological,/ ɑ /
649,B,teens,n.,Monophthong,teens,/ i /
650,B,temple,n.,Monophthong,temple,/ ɛ /
651,B,temporarily,adv.,Monophthong,temporarily,/ ɛ /
652,B,tendency,n.,Monophthong,tendency,/ ɛ /
653,B,tension,n.,Monophthong,tension,/ ɛ /
654,B,terminal,n.,Monophthong,terminal,/ ɝ /
655,B,terms,n.,Monophthong,terms,/ ɝ /
656,B,terribly,adv.,Monophthong,terribly,/ ɛ /
657,B,terrify,v.,Monophthong,terrify,/ ɛ /
658,B,territory,n.,Monophthong,territory,/ ɛ /
659,B,terror,n.,Monophthong,terror,/ ɛ /
660,B,terrorism,n.,Monophthong,terrorism,/ ɛ /
661,B,terrorist,n.,Monophthong,terrorist,/ ɛ /
662,B,testing,n.,Monophthong,testing,/ ɛ /
663,B,textbook,n.,Monophthong,textbook,/ ɛ /
664,B,theft,n.,Monophthong,theft,/ ɛ /
665,B,therapist,n.,Monophthong,therapist,/ ɛ /
666,B,thesis,n.,Monophthong,thesis,/ i /
667,B,thorough,adj.,Monophthong,thorough,/ ɛ /
668,B,thoroughly,adv.,Monophthong,thoroughly,/ ɛ /
669,B,thumb,n.,Monophthong,thumb,/ ʌ /
670,B,timing,n.,Diphthong,timing,/ aɪ /
671,B,tissue,n.,Monophthong,tissue,/ ɪ /
672,B,ton,n.,Monophthong,ton,/ ʌ /
673,B,tonne,n.,Monophthong,tonne,/ ʌ /
674,B,tournament,n.,Monophthong,tournament,/ ʊ /
675,B,trace,v.,Diphthong,trace,/ eɪ /
676,B,trading,n.,Diphthong,trading,/ eɪ /
677,B,tragedy,n.,Monophthong,tragedy,/ æ /
678,B,tragic,adj.,Monophthong,tragic,/ æ /
679,B,trait,n.,Diphthong,trait,/ eɪ /
680,B,transmit,v.,Monophthong,transmit,/ ɪ /
681,B,transportation,n.,Diphthong,transportation,/ eɪ /
682,B,trap,v.,Monophthong,trap,/ æ /
683,B,trap,n.,Monophthong,trap,/ æ /
684,B,treasure,n.,Monophthong,treasure,/ ɛ /
685,B,tribe,n.,Diphthong,tribe,/ aɪ /
686,B,trigger,v.,Monophthong,trigger,/ ɪ /
687,B,trillion,num.,Monophthong,trillion,/ ɪ /
688,B,troop,n.,Monophthong,troop,/ u /
689,B,tsunami,n.,Monophthong,tsunami,/ ɑ /
690,B,ultimate,adj.,Monophthong,ultimate,/ ʌ /
691,B,unacceptable,adj.,Monophthong,unacceptable,/ ɛ /
692,B,uncertainty,n.,Monophthong,uncertainty,/ ɝ /
693,B,undergo,v.,Diphthong,undergo,/ oʊ /
694,B,undertake,v.,Diphthong,undertake,/ eɪ /
695,B,unfold,v.,Diphthong,unfold,/ oʊ /
696,B,unfortunate,adj.,Monophthong,unfortunate,/ ɔ /
697,B,unite,v.,Diphthong,unite,/ aɪ /
698,B,unity,n.,Monophthong,unity,/ u /
699,B,universal,adj.,Monophthong,universal,/ ɝ /
700,B,urgent,adj.,Monophthong,urgent,/ ɝ /
701,B,usage,n.,Monophthong,usage,/ u /
702,B,useless,adj.,Monophthong,useless,/ u /
703,B,valid,adj.,Monophthong,valid,/ æ /
704,B,variation,n.,Diphthong,variation,/ eɪ /
705,B,vertical,adj.,Monophthong,vertical,/ ɝ /
706,B,viewpoint,n.,Monophthong,viewpoint,/ u /
707,B,visa,n.,Monophthong,visa,/ i /
708,B,visible,adj.,Monophthong,visible,/ ɪ /
709,B,voluntary,adj.,Monophthong,voluntary,/ ɑ /
710,B,voting,n.,Diphthong,voting,/ oʊ /
711,B,wander,v.,Monophthong,wander,/ ɑ /
712,B,warming,n.,Monophthong,warming,/ ɔ /
713,B,weekly,adj.,Monophthong,weekly,/ i /
714,B,weird,adj.,Monophthong,weird,/ ɪ /
715,B,welfare,n.,Monophthong,welfare,/ ɛ /
716,B,wheat,n.,Monophthong,wheat,/ i /
717,B,whoever,pron.,Monophthong,whoever,/ ɛ /
718,B,widespread,adj.,Diphthong,widespread,/ ɛ /
719,B,wisdom,n.,Monophthong,wisdom,/ ɪ /
720,B,withdraw,v.,Monophthong,withdraw,/ ɔ /
721,B,workforce,n.,Monophthong,workforce,/ ɝ /
722,B,workplace,n.,Monophthong,workplace,/ ɝ /
723,B,workshop,n.,Monophthong,workshop,/ ɝ /
724,B,worm,n.,Monophthong,worm,/ ɝ /
725,B,wrist,n,Monophthong,wrist,/ ɪ /