SID,Level,WORD,POS,Vowel_Type,Stressed_Vowel
1,C,abolish,v.,Monophthong,/ ɑ /
2,C,abortion,n.,Monophthong,/ ɔ /
3,C,absence,n.,Monophthong,/ æ /
4,C,absent,adj.,Monophthong,/ æ /
5,C,absurd,adj.,Monophthong,/ ɝ /
6,C,abundance,n.,Monophthong,/ ʌ /
7,C,abuse,n.,Monophthong,/ u /
8,C,abuse,v.,Monophthong,/ u /
9,C,academy,n.,Monophthong,/ æ /
10,C,accelerate,v.,Monophthong,/ ɛ /
11,C,acceptance,n.,Monophthong,/ ɛ /
12,C,accessible,adj.,Monophthong,/ ɛ /
13,C,accomplishment,n.,Monophthong,/ ɑ /
14,C,accordance,n.,Monophthong,/ ɔ /
15,C,accordingly,adv.,Monophthong,/ ɔ /
16,C,accountability,n.,Monophthong,/ ɪ /
17,C,accountable,adj.,Diphthong,/ aʊ
18,C,accumulate,v.,Monophthong,/ u /
19,C,accumulation,n.,Diphthong,/ eɪ /
20,C,accusation,n.,Diphthong,/ eɪ /
21,C,accused,n.,Monophthong,/ u /
22,C,acid,adj.,Monophthong,/ æ /
23,C,acquisition,n.,Monophthong,/ ɪ /
24,C,acre,n.,Diphthong,/ eɪ /
25,C,activation,n.,Diphthong,/ eɪ /
26,C,activist,n.,Monophthong,/ æ /
27,C,acute,adj.,Monophthong,/ u /
28,C,adaptation,n.,Diphthong,/ eɪ /
29,C,adhere,v.,Monophthong,/ ɪ /
30,C,adjacent,adj.,Diphthong,/ eɪ /
31,C,adjustment,n.,Monophthong,/ ʌ /
32,C,administer,v.,Monophthong,/ ɪ /
33,C,administrative,adj.,Monophthong,/ ɪ /
34,C,administrator,n.,Monophthong,/ ɪ /
35,C,admission,n.,Monophthong,/ ɪ /
36,C,adolescent,n.,Monophthong,/ ɛ /
37,C,adoption,n.,Monophthong,/ ɑ /
38,C,adverse,adj.,Monophthong,/ ɝ /
39,C,advocate,n.,Monophthong,/ æ /
40,C,advocate,v.,Monophthong,/ æ /
41,C,aesthetic,adj.,Monophthong,/ ɛ /
42,C,affection,n.,Monophthong,/ ɛ /
43,C,aftermath,n.,Monophthong,/ æ /
44,C,aggression,n.,Monophthong,/ ɛ /
45,C,agricultural,adj.,Monophthong,/ æ /
46,C,aide,n.,Diphthong,/ eɪ /
47,C,albeit,conj.,Monophthong,/ i /
48,C,alert,v.,Monophthong,/ ɝ /
49,C,alert,n.,Monophthong,/ ɝ /
50,C,alien,adj.,Diphthong,/ eɪ /
51,C,align,v.,Diphthong,/ aɪ /
52,C,alignment,n.,Diphthong,/ aɪ /
53,C,alike,adv.,Diphthong,/ aɪ /
54,C,alike,adj.,Diphthong,/ aɪ /
55,C,allegation,n.,Diphthong,/ eɪ /
56,C,allege,v.,Monophthong,/ ɛ /
57,C,allegedly,adv.,Monophthong,/ ɛ /
58,C,alliance,n.,Diphthong,/ aɪ /
59,C,allocate,v.,Monophthong,/ æ /
60,C,allocation,n.,Diphthong,/ eɪ /
61,C,allowance,n.,Diphthong,/ aʊ
62,C,ally,n.,Monophthong,/ æ /
63,C,aluminium,n.,Monophthong,/ ɪ /
64,C,amateur,n.,Monophthong,/ æ /
65,C,ambassador,n.,Monophthong,/ æ /
66,C,amend,v.,Monophthong,/ ɛ /
67,C,amendment,n.,Monophthong,/ ɛ /
68,C,amid,prep.,Monophthong,/ ɪ /
69,C,analogy,n.,Monophthong,/ æ /
70,C,anchor,n.,Monophthong,/ æ /
71,C,angel,n.,Diphthong,/ eɪ /
72,C,anonymous,adj.,Monophthong,/ ɑ /
73,C,apparatus,n.,Monophthong,/ æ /
74,C,appealing,adj.,Monophthong,/ i /
75,C,appetite,n.,Monophthong,/ æ /
76,C,applaud,v.,Monophthong,/ ɔ /
77,C,applicable,adj.,Monophthong,/ ɪ /
78,C,appoint,v.,Diphthong,/ ɔɪ /
79,C,appreciation,n.,Diphthong,/ eɪ /
80,C,arbitrary,adj.,Monophthong,/ ɑ /
81,C,architectural,adj.,Monophthong,/ ɛ /
82,C,archive,n.,Monophthong,/ ɑ /
83,C,arena,n.,Monophthong,/ i /
84,C,arguably,adv.,Monophthong,/ ɑ /
85,C,arm,v.,Monophthong,/ ɑ /
86,C,array,n.,Diphthong,/ eɪ /
87,C,articulate,v.,Monophthong,/ ɪ /
88,C,ash,n.,Monophthong,/ æ /
89,C,aspiration,n.,Diphthong,/ eɪ /
90,C,aspire,v.,Diphthong,/ aɪ /
91,C,assassination,n.,Diphthong,/ eɪ /
92,C,assault,n.,Monophthong,/ ɔ /
93,C,assault,v.,Monophthong,/ ɔ /
94,C,assemble,v.,Monophthong,/ ɛ /
95,C,assembly,n.,Monophthong,/ ɛ /
96,C,assert,v.,Monophthong,/ ɝ /
97,C,assertion,n.,Monophthong,/ ɝ /
,C,,,,
98,C,assurance,n.,Monophthong,/ ʊ /
99,C,asylum,n.,Diphthong,/ aɪ /
100,C,atrocity,n.,Monophthong,/ ɑ /
101,C,attain,v.,Diphthong,/ eɪ /
102,C,attendance,n.,Monophthong,/ ɛ /
103,C,attorney,n.,Monophthong,/ ɝ /
104,C,attribute,v.,Monophthong,/ ɪ /
105,C,attribute,n.,Monophthong,/ æ /
106,C,audit,n.,Monophthong,/ ɔ /
107,C,authentic,adj.,Monophthong,/ ɛ /
108,C,authorize,v.,Monophthong,/ ɔ /
109,C,auto,n.,Monophthong,/ ɔ /
110,C,autonomy,n.,Monophthong,/ ɑ /
111,C,availability,n.,Monophthong,/ ɪ /
112,C,await,v.,Diphthong,/ eɪ /
113,C,backdrop,n.,Monophthong,/ æ /
114,C,backing,n.,Monophthong,/ æ /
115,C,backup,n.,Monophthong,/ æ /
116,C,bail,n.,Diphthong,/ eɪ /
117,C,ballot,n.,Monophthong,/ æ /
118,C,banner,n.,Monophthong,/ æ /
119,C,bare,adj.,Monophthong,/ ɛ /
120,C,barrel,n.,Monophthong,/ æ /
121,C,bass1,n.,Diphthong,/ eɪ /
122,C,bat,v.,Monophthong,/ æ /
123,C,battlefield,n.,Monophthong,/ æ /
124,C,bay,n.,Diphthong,/ eɪ /
125,C,beam,n.,Monophthong,/ i /
126,C,beast,n.,Monophthong,/ i /
127,C,behalf,n.,Monophthong,/ æ /
128,C,beloved,adj.,Monophthong,/ ʌ /
129,C,bench,n.,Monophthong,/ ɛ /
130,C,benchmark,n.,Monophthong,/ ɛ /
131,C,beneath,prep.,Monophthong,/ i /
132,C,beneficiary,n.,Monophthong,/ ɪ /
133,C,betray,v.,Diphthong,/ eɪ /
134,C,bind,v.,Diphthong,/ aɪ /
135,C,biography,n.,Monophthong,/ ɑ /
136,C,bishop,n.,Monophthong,/ ɪ /
137,C,bizarre,adj.,Monophthong,/ ɑ /
138,C,blade,n.,Diphthong,/ eɪ /
139,C,blast,n.,Monophthong,/ æ /
140,C,blast,v.,Monophthong,/ æ /
141,C,bleed,v.,Monophthong,/ i /
142,C,blend,v.,Monophthong,/ ɛ /
143,C,blend,n.,Monophthong,/ ɛ /
144,C,bless,v.,Monophthong,/ ɛ /
145,C,blessing,n.,Monophthong,/ ɛ /
146,C,boast,v.,Diphthong,/ oʊ /
147,C,bonus,n.,Diphthong,/ oʊ /
148,C,boom,n.,Monophthong,/ u /
149,C,bounce,v.,Diphthong,/ aʊ
150,C,boundary,n.,Diphthong,/ aʊ
151,C,bow1,v.,Diphthong,/ aʊ
152,C,bow1,n.,Diphthong,/ aʊ
153,C,breach,n.,Monophthong,/ i /
154,C,breach,v.,Monophthong,/ i /
155,C,breakdown,n.,Diphthong,/ aʊ
156,C,breakthrough,n.,Diphthong,/ eɪ /
157,C,breed,v.,Monophthong,/ i /
158,C,breed,n.,Monophthong,/ i /
159,C,broadband,n.,Monophthong,/ ɔ /
160,C,browser,n.,Diphthong,/ aʊ
161,C,brutal,adj.,Monophthong,/ u /
162,C,buck,n.,Monophthong,/ ʌ /
163,C,buddy,n.,Monophthong,/ ʌ /
164,C,buffer,n.,Monophthong,/ ʌ /
165,C,bulk,n.,Monophthong,/ ʌ /
166,C,burden,n.,Monophthong,/ ɝ /
167,C,bureaucracy,n.,Monophthong,/ ɑ /
168,C,burial,n.,Monophthong,/ ɝ /
169,C,burst,v.,Monophthong,/ ɝ /
170,C,cabinet,n.,Monophthong,/ æ /
171,C,calculation,n.,Diphthong,/ eɪ /
172,C,canvas,n.,Monophthong,/ æ /
173,C,capability,n.,Monophthong,/ ɪ /
174,C,capitalism,n.,Monophthong,/ æ /
175,C,capitalist,adj.,Monophthong,/ æ /
176,C,cargo,n.,Monophthong,/ ɑ /
177,C,carriage,n.,Monophthong,/ æ /
178,C,carve,v.,Monophthong,/ ɑ /
179,C,casino,n.,Monophthong,/ i /
180,C,casualty,n.,Monophthong,/ æ /
181,C,catalogue,n.,Monophthong,/ æ /
182,C,cater,v.,Diphthong,/ eɪ /
183,C,cattle,n.,Monophthong,/ æ /
184,C,caution,n.,Monophthong,/ ɔ /
185,C,cautious,adj.,Monophthong,/ ɔ /
186,C,cease,v.,Monophthong,/ i /
187,C,cemetery,n.,Monophthong,/ ɛ /
188,C,chamber,n.,Diphthong,/ eɪ /
189,C,chaos,n.,Diphthong,/ eɪ /
190,C,characterize,v.,Monophthong,/ æ /
191,C,charm,n.,Monophthong,/ ɑ /
192,C,charter,n.,Monophthong,/ ɑ /
193,C,chronic,adj.,Monophthong,/ ɑ /
194,C,chunk,n.,Monophthong,/ ʌ /
195,C,circulate,v.,Monophthong,/ ɝ /
196,C,circulation,n.,Monophthong,/ eɪ /
197,C,citizenship,n.,Monophthong,/ ɪ /
198,C,civic,adj.,Monophthong,/ ɪ /
199,C,civilian,n.,Monophthong,/ ɪ /
200,C,clarity,n.,Monophthong,/ æ /
201,C,clash,n.,Monophthong,/ æ /
202,C,classification,n.,Diphthong,/ eɪ /
203,C,cling,v.,Monophthong,/ ɪ /
204,C,clinical,adj.,Monophthong,/ ɪ /
205,C,closure,n.,Diphthong,/ oʊ /
206,C,cluster,n.,Monophthong,/ ʌ /
207,C,coalition,n.,Monophthong,/ ɪ /
208,C,coastal,adj.,Diphthong,/ oʊ /
209,C,cocktail,n.,Monophthong,/ ɑ /
210,C,cognitive,adj.,Monophthong,/ ɑ /
211,C,coincide,v.,Monophthong,/ ɔ /
212,C,collaborate,v.,Diphthong,/ aɪ /
213,C,collaboration,n.,Diphthong,/ eɪ /
214,C,collective,adj.,Monophthong,/ ɛ /
215,C,collision,n.,Monophthong,/ ɪ /
216,C,colonial,adj.,Diphthong,/ oʊ /
217,C,columnist,n.,Monophthong,/ ɑ /
218,C,combat,n.,Monophthong,/ ɑ /
219,C,combat,v.,Monophthong,/ ɑ /
220,C,commence,v.,Monophthong,/ ɛ /
221,C,commentary,n.,Monophthong,/ ɑ /
222,C,commentator,n.,Monophthong,/ ɑ /
223,C,commerce,n.,Monophthong,/ ɑ /
224,C,commissioner,n.,Monophthong,/ ɪ /
225,C,commodity,n.,Monophthong,/ ɑ /
226,C,communist,adj.,Monophthong,/ ɑ /
227,C,companion,n.,Monophthong,/ æ /
228,C,comparable,adj.,Monophthong,/ ɑ /
229,C,compassion,n.,Monophthong,/ æ /
230,C,compel,v.,Monophthong,/ ɛ /
231,C,compelling,adj.,Monophthong,/ ɛ /
232,C,compensate,v.,Monophthong,/ ɑ /
233,C,compensation,n.,Diphthong,/ eɪ /
234,C,competence,n.,Monophthong,/ ɑ /
235,C,competent,adj.,Monophthong,/ ɑ /
236,C,compile,v.,Diphthong,/ aɪ /
237,C,complement,v.,Monophthong,/ ɑ /
238,C,complexity,n.,Monophthong,/ ɛ /
239,C,compliance,n.,Diphthong,/ aɪ /
240,C,complication,n.,Diphthong,/ eɪ /
241,C,comply,v.,Diphthong,/ aɪ /
242,C,composition,n.,Monophthong,/ ɪ /
243,C,compromise,n.,Monophthong,/ ɑ /
244,C,compromise,v.,Monophthong,/ ɑ /
245,C,compute,v.,Monophthong,/ u /
246,C,conceal,v.,Monophthong,/ i /
247,C,concede,v.,Monophthong,/ i /
248,C,conceive,v.,Monophthong,/ i /
249,C,conception,n.,Monophthong,/ ɛ /
250,C,concession,n.,Monophthong,/ ɛ /
251,C,condemn,v.,Monophthong,/ ɛ /
252,C,confer,v.,Monophthong,/ ɝ /
253,C,confession,n.,Monophthong,/ ɛ /
254,C,configuration,n.,Diphthong,/ eɪ /
255,C,confine,v.,Diphthong,/ aɪ /
256,C,confirmation,n.,Diphthong,/ eɪ /
257,C,confront,v.,Monophthong,/ ʌ /
258,C,confrontation,n.,Diphthong,/ eɪ /
259,C,congratulate,v.,Monophthong,/ æ /
260,C,congregation,n.,Diphthong,/ eɪ /
261,C,congressional,adj.,Monophthong,/ ɛ /
262,C,conquer,v.,Monophthong,/ ɑ /
263,C,conscience,n.,Monophthong,/ ɑ /
264,C,consciousness,n.,Monophthong,/ ɑ /
265,C,consecutive,adj.,Monophthong,/ ɛ /
266,C,consensus,n.,Monophthong,/ ɛ /
267,C,consent,n.,Monophthong,/ ɛ /
268,C,consent,v.,Monophthong,/ ɛ /
269,C,conserve,v.,Monophthong,/ ɛ /
270,C,consistency,n.,Monophthong,/ ɪ /
271,C,consolidate,v.,Monophthong,/ ɑ /
272,C,constituency,n.,Monophthong,/ ɪ /
273,C,constitute,v.,Monophthong,/ ɑ /
274,C,constitution,n.,Monophthong,/ u /
275,C,constitutional,adj.,Monophthong,/ u /
276,C,constraint,n.,Diphthong,/ eɪ /
277,C,consultation,n.,Diphthong,/ eɪ /
278,C,contemplate,v.,Monophthong,/ ɑ /
279,C,contempt,n.,Monophthong,/ ɛ /
280,C,contend,v.,Monophthong,/ ɛ /
281,C,contender,n.,Monophthong,/ ɛ /
282,C,content,adj.,Monophthong,/ ɑ /
283,C,contention,n.,Monophthong,/ ɛ /
284,C,continually,adv.,Monophthong,/ ɪ /
285,C,contractor,n.,Monophthong,/ ɑ /
286,C,contradiction,n.,Monophthong,/ ɪ /
287,C,contrary,adj.,Monophthong,/ ɑ /
288,C,contrary,n.,Monophthong,/ ɑ /
289,C,contributor,n.,Monophthong,/ ɪ /
290,C,conversion,n.,Monophthong,/ ɝ /
291,C,convict,v.,Monophthong,/ i /
292,C,conviction,n.,Monophthong,/ i /
293,C,cooperate,v.,Monophthong,/ ɑ /
294,C,cooperative,adj.,Monophthong,/ ɑ /
295,C,coordinate,v.,Monophthong,/ ɔ /
296,C,coordination,n.,Diphthong,/ eɪ /
297,C,coordinator,n.,Monophthong,/ ɔ /
298,C,cop,n.,Monophthong,/ ɑ /
299,C,copper,n.,Monophthong,/ ɑ /
300,C,copyright,n.,Monophthong,/ ɑ /
301,C,correction,n.,Monophthong,/ ɛ /
302,C,correlate,v.,Monophthong,/ ɔ /
303,C,correlation,n.,Diphthong,/ eɪ /
304,C,correspond,v.,Monophthong,/ ɑ /
305,C,correspondence,n.,Monophthong,/ ɑ /
306,C,correspondent,n.,Monophthong,/ ɑ /
307,C,corresponding,adj.,Monophthong,/ ɑ /
308,C,corrupt,adj.,Monophthong,/ ʌ /
309,C,corruption,n.,Monophthong,/ ʌ /
310,C,costly,adj.,Monophthong,/ ɔ /
311,C,councilor,n.,Diphthong,/ aʊ
312,C,counseling,n.,Diphthong,/ aʊ
313,C,counselor,n.,Diphthong,/ aʊ
314,C,counter,(argue against) v.,Diphthong,/ aʊ
315,C,counterpart,n.,Diphthong,/ aʊ
316,C,countless,adj.,Diphthong,/ aʊ
317,C,coup,n.,Monophthong,/ u /
318,C,courtesy,n.,Monophthong,/ ɝ /
319,C,craft,v.,Monophthong,/ æ /
320,C,crawl,v.,Monophthong,/ ɔ /
321,C,creator,n.,Diphthong,/ eɪ /
322,C,credibility,n.,Monophthong,/ i /
323,C,credible,adj.,Monophthong,/ ɛ /
324,C,creep,v.,Monophthong,/ i /
325,C,critique,n.,Monophthong,/ i /
326,C,crown,n.,Diphthong,/ aʊ
327,C,crude,adj.,Monophthong,/ ʌ /
328,C,crush,v.,Monophthong,/ ʌ /
329,C,crystal,n.,Monophthong,/ i /
330,C,cult,n.,Monophthong,/ ʌ /
331,C,cultivate,v.,Monophthong,/ ʌ /
332,C,curiosity,n.,Monophthong,/ ɑ /
333,C,custody,n.,Monophthong,/ ʌ /
334,C,cutting,n.,Monophthong,/ ʌ /
335,C,cynical,adj.,Monophthong,/ i /
336,C,dam,n.,Monophthong,/ æ /
337,C,damaging,adj.,Monophthong,/ æ /
338,C,dawn,n.,Monophthong,/ ɔ /
339,C,debris,n.,Monophthong,/ i /
340,C,debut,n.,Monophthong,/ u /
341,C,decision-making,n.,Monophthong,/ i /
342,C,decisive,adj.,Diphthong,/ aɪ /
343,C,declaration,n.,Diphthong,/ eɪ /
344,C,dedicated,adj.,Monophthong,/ ɛ /
345,C,dedication,n.,Diphthong,/ eɪ /
346,C,deed,n.,Monophthong,/ i /
347,C,deem,v.,Monophthong,/ i /
348,C,default,n.,Monophthong,/ ɔ /
349,C,defect,n.,Monophthong,/ i /
350,C,defensive,adj.,Monophthong,/ ɛ /
351,C,deficiency,n.,Monophthong,/ ɪ /
352,C,deficit,n.,Monophthong,/ ɛ /
353,C,defy,v.,Diphthong,/ aɪ /
354,C,delegate,n.,Monophthong,/ ɛ /
355,C,delegation,n.,Diphthong,/ eɪ /
356,C,delicate,adj.,Monophthong,/ ɛ /
357,C,demon,n.,Monophthong,/ i /
358,C,denial,n.,Diphthong,/ aɪ /
359,C,denounce,v.,Diphthong,/ aʊ
360,C,dense,adj.,Monophthong,/ ɛ /
361,C,density,n.,Monophthong,/ ɛ /
362,C,dependence,n.,Monophthong,/ ɛ /
363,C,depict,v.,Monophthong,/ ɪ /
364,C,deploy,v.,Diphthong,/ ɔɪ /
365,C,deployment,n.,Diphthong,/ ɔɪ /
366,C,deposit,v.,Monophthong,/ ɑ /
367,C,deprive,v.,Diphthong,/ aɪ /
368,C,deputy,n.,Monophthong,/ ɛ /
369,C,descend,v.,Monophthong,/ ɛ /
370,C,descent,n.,Monophthong,/ ɛ /
371,C,designate,v.,Monophthong,/ ɛ /
372,C,desirable,adj.,Diphthong,/ aɪ /
373,C,desktop,n.,Monophthong,/ ɛ /
374,C,destructive,adj.,Monophthong,/ ʌ /
375,C,detain,v.,Diphthong,/ eɪ /
376,C,detection,n.,Monophthong,/ ɛ /
377,C,detention,n.,Monophthong,/ ɛ /
378,C,deteriorate,v.,Monophthong,/ ɪ /
379,C,devastate,v.,Monophthong,/ ɛ /
380,C,devil,n.,Monophthong,/ ɛ /
381,C,devise,v.,Diphthong,/ aɪ /
382,C,diagnose,v.,Diphthong,/ aɪ /
383,C,diagnosis,n.,Diphthong,/ oʊ /
384,C,dictate,v.,Monophthong,/ ɪ /
385,C,dictator,n.,Monophthong,/ ɪ /
386,C,differentiate,v.,Monophthong,/ ɛ /
387,C,dignity,n.,Monophthong,/ ɪ /
388,C,dilemma,n.,Monophthong,/ ɛ /
389,C,dimension,n.,Monophthong,/ ɛ /
390,C,diminish,v.,Monophthong,/ ɪ /
391,C,dip,v.,Monophthong,/ ɪ /
392,C,diplomat,n.,Monophthong,/ ɪ /
393,C,diplomatic,n.,Monophthong,/ ɪ /
394,C,directory,n.,Monophthong,/ ɛ /
395,C,disastrous,adj.,Monophthong,/ æ /
396,C,discard,v.,Monophthong,/ ɑ /
397,C,discharge,v.,Monophthong,/ ɑ /
398,C,disclose,v.,Diphthong,/ oʊ /
399,C,disclosure,n.,Diphthong,/ oʊ /
400,C,discourse,n.,Monophthong,/ ɪ /
401,C,discretion,n.,Monophthong,/ ɛ /
402,C,discrimination,n.,Monophthong,/ ɪ /
403,C,dismissal,n.,Monophthong,/ ɪ /
404,C,displace,v.,Diphthong,/ eɪ /
405,C,disposal,n.,Diphthong,/ oʊ /
406,C,dispose,v.,Diphthong,/ oʊ /
407,C,dispute,n.,Monophthong,/ u /
408,C,dispute,v.,Monophthong,/ ɪ /
409,C,disrupt,v.,Monophthong,/ ʌ /
410,C,disruption,n.,Monophthong,/ ʌ /
411,C,dissolve,v.,Monophthong,/ ɑ /
412,C,distinction,n.,Monophthong,/ ɪ /
413,C,distinctive,adj.,Monophthong,/ ɪ /
414,C,distort,v.,Monophthong,/ ɔ /
415,C,distress,n.,Monophthong,/ ɛ /
416,C,distress,v.,Monophthong,/ ɛ /
417,C,disturbing,adj.,Monophthong,/ ɝ /
418,C,divert,v.,Monophthong,/ ɝ /
419,C,divine,adj.,Diphthong,/ aɪ /
420,C,doctrine,n.,Monophthong,/ ɑ /
421,C,documentation,n.,Diphthong,/ eɪ /
422,C,domain,n.,Diphthong,/ eɪ /
423,C,dominance,n.,Monophthong,/ ɑ /
424,C,donor,n.,Diphthong,/ oʊ /
425,C,dose,n.,Diphthong,/ oʊ /
426,C,drain,v.,Diphthong,/ eɪ /
427,C,drift,v.,Monophthong,/ ɪ /
428,C,driving,adj.,Diphthong,/ aɪ /
429,C,drown,v.,Diphthong,/ aʊ
430,C,dual,adj.,Monophthong,/ u /
431,C,dub,v.,Monophthong,/ ʌ /
432,C,dumb,adj.,Monophthong,/ ʌ /
433,C,duo,n.,Monophthong,/ u /
434,C,dynamic,n.,Diphthong,/ aɪ /
435,C,eager,adj.,Monophthong,/ i /
436,C,earnings,n.,Monophthong,/ ɝ /
437,C,ease,n.,Monophthong,/ i /
438,C,ease,v.,Monophthong,/ i /
439,C,echo,v.,Monophthong,/ ɛ /
440,C,echo,n.,Monophthong,/ ɛ /
441,C,ecological,adj.,Monophthong,/ ɑ /
442,C,educator,n.,Monophthong,/ ɛ /
443,C,effectiveness,n.,Monophthong,/ ɛ /
444,C,efficiency,n.,Monophthong,/ ɪ /
445,C,ego,n.,Monophthong,/ i /
446,C,elaborate,adj.,Monophthong,/ æ /
447,C,electoral,adj.,Monophthong,/ ɛ /
448,C,elevate,v.,Monophthong,/ ɛ /
449,C,eligible,adj.,Monophthong,/ ɛ /
450,C,elite,n.,Monophthong,/ i /
451,C,embark,v.,Monophthong,/ ɑ /
452,C,embarrassment,n.,Monophthong,/ æ /
453,C,embassy,n.,Monophthong,/ ɛ /
454,C,embed,v.,Monophthong,/ ɛ /
455,C,embody,v.,Monophthong,/ ɑ /
456,C,emergence,n.,Monophthong,/ ɛ /
457,C,empirical,adj.,Monophthong,/ ɛ /
458,C,empower,v.,Diphthong,/ aʊ
459,C,enact,v.,Monophthong,/ æ /
460,C,encompass,v.,Monophthong,/ ʌ /
461,C,encouragement,n.,Monophthong,/ ɝ /
462,C,encouraging,adj.,Monophthong,/ ɝ /
463,C,endeavor,n.,Monophthong,/ ɛ /
464,C,endless,adj.,Monophthong,/ ɛ /
465,C,endorse,v.,Monophthong,/ ɔ /
466,C,endorsement,n.,Monophthong,/ ɔ /
467,C,endure,v.,Monophthong,/ ʊ /
468,C,enforce,v.,Monophthong,/ ɔ /
469,C,enforcement,n.,Monophthong,/ ɔ /
470,C,engagement,n.,Diphthong,/ eɪ /
471,C,engaging,adj.,Diphthong,/ eɪ /
472,C,enquire,v.,Diphthong,/ aɪ /
473,C,enrich,v.,Monophthong,/ ɪ /
474,C,enroll,v.,Diphthong,/ oʊ /
475,C,ensue,v.,Monophthong,/ u /
476,C,enterprise,n.,Monophthong,/ ɛ /
477,C,enthusiast,n.,Monophthong,/ u /
478,C,entitle,v.,Diphthong,/ aɪ /
479,C,entity,n.,Monophthong,/ ɛ /
480,C,epidemic,n.,Monophthong,/ ɛ /
481,C,equality,n.,Monophthong,/ ɑ /
482,C,equation,n.,Diphthong,/ eɪ /
483,C,erect,v.,Monophthong,/ ɛ /
484,C,escalate,v.,Monophthong,/ ɛ /
485,C,essence,n.,Monophthong,/ ɛ /
486,C,establishment,n.,Monophthong,/ æ /
487,C,eternal,adj.,Monophthong,/ ɝ /
488,C,evacuate,v.,Monophthong,/ æ /
489,C,evoke,v.,Diphthong,/ oʊ /
490,C,evolutionary,adj.,Monophthong,/ u /
491,C,exaggerate,v.,Monophthong,/ æ /
492,C,excellence,n.,Monophthong,/ ɛ /
493,C,exceptional,adj.,Monophthong,/ ɛ /
494,C,excess,n.,Monophthong,/ ɛ /
495,C,excess,adj.,Monophthong,/ ɛ /
496,C,exclusion,n.,Monophthong,/ u /
497,C,exclusive,adj.,Monophthong,/ u /
498,C,exclusively,adv.,Monophthong,/ u /
499,C,execute,v.,Monophthong,/ ɛ /
500,C,execution,n.,Monophthong,/ u /
501,C,exert,v.,Monophthong,/ ɝ /
502,C,exile,n.,Monophthong,/ ɛ /
503,C,exit,v.,Monophthong,/ ɛ /
504,C,expenditure,n.,Monophthong,/ ɛ /
505,C,experimental,adj.,Monophthong,/ ɛ /
506,C,expire,v.,Diphthong,/ aɪ /
507,C,explicit,adj.,Monophthong,/ ɪ /
508,C,explicitly,adv.,Monophthong,/ ɪ /
509,C,exploitation,n.,Diphthong,/ eɪ /
510,C,explosive,adj.,Diphthong,/ oʊ /
511,C,explosive,n.,Diphthong,/ oʊ /
512,C,extract,v.,Monophthong,/ æ /
513,C,extremist,n.,Monophthong,/ i /
514,C,facilitate,v.,Monophthong,/ ɪ /
515,C,faction,n.,Monophthong,/ æ /
516,C,faculty,n.,Monophthong,/ æ /
517,C,fade,v.,Diphthong,/ eɪ /
518,C,fairness,n.,Monophthong,/ ɛ /
519,C,fatal,adj.,Diphthong,/ eɪ /
520,C,fate,n.,Diphthong,/ eɪ /
521,C,favourable,adj.,Diphthong,/ eɪ /
522,C,feat,n.,Monophthong,/ i /
523,C,feminist,adj.,Monophthong,/ ɛ /
524,C,feminist,n.,Monophthong,/ ɛ /
525,C,fibre,n.,Diphthong,/ aɪ /
526,C,fierce,adj.,Monophthong,/ ɪ /
527,C,film-maker,n.,Monophthong,/ ɪ /
528,C,filter,n.,Monophthong,/ ɪ /
529,C,filter,v.,Monophthong,/ ɪ /
530,C,fine,n.,Diphthong,/ aɪ /
531,C,fine,v.,Diphthong,/ aɪ /
532,C,firearm,n.,Diphthong,/ aɪ /
533,C,fit,n.,Monophthong,/ ɪ /
534,C,fixture,n.,Monophthong,/ ɪ /
535,C,flaw,n.,Monophthong,/ ɔ /
536,C,flawed,adj.,Monophthong,/ ɔ /
537,C,flee,v.,Monophthong,/ i /
538,C,fleet,n.,Monophthong,/ i /
539,C,flesh,n.,Monophthong,/ ɛ /
540,C,flexibility,n.,Monophthong,/ ɪ /
541,C,flourish,v.,Monophthong,/ ɝ /
542,C,fluid,n.,Monophthong,/ u /
543,C,footage,n.,Monophthong,/ ʊ /
544,C,foreigner,n.,Monophthong,/ ɔ /
545,C,forge,v.,Monophthong,/ ɔ /
546,C,formula,n.,Monophthong,/ ɔ /
547,C,formulate,v.,Monophthong,/ ɔ /
548,C,forth,adv.,Monophthong,/ ɔ /
549,C,forthcoming,adj.,Monophthong,/ ʌ /
550,C,foster,v.,Monophthong,/ ɑ /
551,C,fragile,adj.,Monophthong,/ æ /
552,C,franchise,n.,Monophthong,/ æ /
553,C,frankly,adv.,Monophthong,/ æ /
554,C,frustrated,adj.,Monophthong,/ ʌ /
555,C,frustrating,adj.,Monophthong,/ ʌ /
556,C,frustration,n.,Diphthong,/ eɪ /
557,C,functional,adj.,Monophthong,/ ʌ /
558,C,fundraising,n.,Monophthong,/ ʌ /
559,C,funeral,n.,Monophthong,/ u /
560,C,gallon,n.,Monophthong,/ æ /
561,C,gambling,n.,Monophthong,/ æ /
562,C,gathering,n.,Monophthong,/ æ /
563,C,gaze,n.,Diphthong,/ eɪ /
564,C,gaze,v.,Diphthong,/ eɪ /
565,C,gear,n.,Monophthong,/ ɪ /
566,C,generic,adj.,Monophthong,/ ɛ /
567,C,genocide,n.,Monophthong,/ ɛ /
568,C,glance,n.,Monophthong,/ æ /
569,C,glance,v.,Monophthong,/ æ /
570,C,glimpse,n.,Monophthong,/ ɪ /
571,C,glorious,adj.,Monophthong,/ ɔ /
572,C,glory,n.,Monophthong,/ ɔ /
573,C,governance,n.,Monophthong,/ ʌ /
574,C,grace,n.,Diphthong,/ eɪ /
575,C,grasp,v.,Monophthong,/ æ /
576,C,grasp,n.,Monophthong,/ æ /
577,C,grave,n.,Diphthong,/ eɪ /
578,C,grave,adj.,Diphthong,/ eɪ /
579,C,gravity,n.,Monophthong,/ æ /
580,C,grid,n.,Monophthong,/ ɪ /
581,C,grief,n.,Monophthong,/ i /
582,C,grin,v.,Monophthong,/ ɪ /
583,C,grin,n.,Monophthong,/ ɪ /
584,C,grind,v.,Diphthong,/ aɪ /
585,C,grip,n.,Monophthong,/ ɪ /
586,C,grip,v.,Monophthong,/ ɪ /
587,C,gross,adj.,Diphthong,/ oʊ /
588,C,guerrilla,n.,Monophthong,/ ɪ /
589,C,guidance,n.,Diphthong,/ aɪ /
590,C,guilt,n.,Monophthong,/ ɪ /
591,C,gut,n.,Monophthong,/ ʌ /
592,C,hail,v.,Diphthong,/ eɪ /
593,C,halfway,adv.,Diphthong,/ eɪ /
594,C,halt,v.,Monophthong,/ ɔ /
595,C,halt,n.,Monophthong,/ ɔ /
596,C,handful,n.,Monophthong,/ æ /
597,C,handling,n.,Monophthong,/ æ /
598,C,handy,adj.,Monophthong,/ æ /
599,C,harassment,n.,Monophthong,/ æ /
600,C,hardware,n.,Monophthong,/ ɑ /
601,C,harmony,n.,Monophthong,/ ɑ /
602,C,harsh,adj.,Monophthong,/ ɑ /
603,C,harvest,n.,Monophthong,/ ɑ /
604,C,harvest,v.,Monophthong,/ ɑ /
605,C,hatred,n.,Diphthong,/ eɪ /
606,C,haunt,v.,Monophthong,/ ɔ /
607,C,hazard,n.,Monophthong,/ æ /
608,C,heighten,v.,Diphthong,/ aɪ /
609,C,heritage,n.,Monophthong,/ ɛ /
610,C,hierarchy,n.,Diphthong,/ aɪ /
611,C,high-profile,adj.,Diphthong,/ oʊ /
612,C,hint,n.,Monophthong,/ ɪ /
613,C,homeland,n.,Diphthong,/ oʊ /
614,C,hook,v.,Monophthong,/ ʊ /
615,C,hopeful,adj.,Diphthong,/ oʊ /
616,C,horizon,n.,Diphthong,/ aɪ /
617,C,horn,n.,Monophthong,/ ɔ /
618,C,hostage,n.,Monophthong,/ ɑ /
619,C,hostile,adj.,Monophthong,/ ɑ /
620,C,hostility,n.,Monophthong,/ ɪ /
621,C,humanitarian,adj.,Monophthong,/ ɛ /
622,C,humanity,n.,Monophthong,/ æ /
623,C,humble,adj.,Monophthong,/ ʌ /
624,C,hydrogen,n.,Diphthong,/ aɪ /
625,C,identification,n.,Diphthong,/ eɪ /
626,C,ideological,adj.,Monophthong,/ ɑ /
627,C,ideology,n.,Monophthong,/ ɑ /
628,C,idiot,n.,Monophthong,/ ɪ /
629,C,ignorance,n.,Monophthong,/ ɪ /
630,C,imagery,n.,Monophthong,/ ɪ /
631,C,immense,adj.,Monophthong,/ ɛ /
632,C,imminent,adj.,Monophthong,/ ɪ /
633,C,implementation,n.,Diphthong,/ eɪ /
634,C,imprison,v.,Monophthong,/ ɪ /
635,C,imprisonment,n.,Monophthong,/ ɪ /
636,C,inability,n.,Monophthong,/ ɪ /
637,C,inadequate,adj.,Monophthong,/ æ /
638,C,inappropriate,adj.,Diphthong,/ oʊ /
639,C,incidence,n.,Monophthong,/ ɪ /
640,C,inclined,adj.,Diphthong,/ aɪ /
641,C,inclusion,n.,Monophthong,/ u /
642,C,incur,v.,Monophthong,/ ɝ /
643,C,indicator,n.,Monophthong,/ ɪ /
644,C,indictment,n.,Diphthong,/ aɪ /
645,C,indigenous,adj.,Monophthong,/ ɪ /
646,C,induce,v.,Monophthong,/ u /
647,C,indulge,v.,Monophthong,/ ʌ /
648,C,inequality,n.,Monophthong,/ ɑ /
649,C,infamous,adj.,Monophthong,/ ɪ /
650,C,infant,n.,Monophthong,/ ɪ /
651,C,infect,v.,Monophthong,/ ɛ /
652,C,inflict,v.,Monophthong,/ ɪ /
653,C,influential,adj.,Monophthong,/ ɛ /
654,C,inherent,adj.,Monophthong,/ ɛ /
655,C,inhibit,v.,Monophthong,/ ɪ /
656,C,initiate,v.,Monophthong,/ ɪ /
657,C,inject,v.,Monophthong,/ ɛ /
658,C,injection,n.,Monophthong,/ ɛ /
659,C,injustice,n.,Monophthong,/ ʌ /
660,C,inmate,n.,Monophthong,/ ɪ /
661,C,insertion,n.,Monophthong,/ ɝ /
662,C,insider,n.,Diphthong,/ aɪ /
663,C,inspect,v.,Monophthong,/ ɛ /
664,C,inspection,n.,Monophthong,/ ɛ /
665,C,inspiration,n.,Diphthong,/ eɪ /
666,C,instinct,n.,Monophthong,/ ɪ /
667,C,institutional,adj.,Monophthong,/ u /
668,C,instruct,v.,Monophthong,/ ʌ /
669,C,instrumental,adj.,Monophthong,/ ɛ /
670,C,insufficient,adj.,Monophthong,/ ɪ /
671,C,insult,n.,Monophthong,/ ɪ /
672,C,insult,v.,Monophthong,/ ʌ /
673,C,intact,adj.,Monophthong,/ æ /
674,C,intake,n.,Monophthong,/ ɪ /
675,C,integral,adj.,Monophthong,/ ɛ /
676,C,integrated,adj.,Monophthong,/ ɪ /
677,C,integration,n.,Diphthong,/ eɪ /
678,C,integrity,n.,Monophthong,/ ɛ /
679,C,intellectual,n.,Monophthong,/ ɛ /
680,C,intensify,v.,Monophthong,/ ɛ /
681,C,intensity,n.,Monophthong,/ ɛ /
682,C,intensive,adj.,Monophthong,/ ɛ /
683,C,intent,n.,Monophthong,/ ɛ /
684,C,interactive,adj.,Monophthong,/ æ /
685,C,interface,n.,Monophthong,/ ɪ /
686,C,interfere,v.,Monophthong,/ ɪ /
687,C,interference,n.,Monophthong,/ ɪ /
688,C,interim,adj.,Monophthong,/ ɪ /
689,C,interior,"adj., n.",Monophthong,/ ɪ /
690,C,intermediate,adj.,Monophthong,/ i /
691,C,intervene,v.,Monophthong,/ i /
692,C,intervention,n.,Monophthong,/ ɛ /
693,C,intimate,adj.,Monophthong,/ ɪ /
694,C,intriguing,adj.,Monophthong,/ i /
695,C,investigator,n.,Monophthong,/ ɛ /
696,C,invisible,adj.,Monophthong,/ ɪ /
697,C,invoke,v.,Diphthong,/ oʊ /
698,C,involvement,n.,Monophthong,/ ɑ /
699,C,ironic,adj.,Monophthong,/ ɑ /
700,C,ironically,adv.,Monophthong,/ ɑ /
701,C,irony,n.,Diphthong,/ aɪ /
702,C,irrelevant,adj.,Monophthong,/ ɛ /
703,C,isolation,n.,Diphthong,/ eɪ /
704,C,judicial,adj.,Monophthong,/ ɪ /
705,C,junction,n.,Monophthong,/ ʌ /
706,C,jurisdiction,n.,Monophthong,/ ɪ /
707,C,just,adj.,Monophthong,/ ʌ /
708,C,justification,n.,Diphthong,/ eɪ /
709,C,kidnap,v.,Monophthong,/ ɪ /
710,C,kidney,n.,Monophthong,/ ɪ /
711,C,kingdom,n.,Monophthong,/ ɪ /
712,C,lad,n.,Monophthong,/ æ /
713,C,landlord,n.,Monophthong,/ æ /
714,C,landmark,n.,Monophthong,/ æ /
715,C,lap,n.,Monophthong,/ æ /
716,C,large-scale,adj.,Diphthong,/ eɪ /
717,C,laser,n.,Diphthong,/ eɪ /
718,C,latter,adj.,Monophthong,/ æ /
719,C,latter,n.,Monophthong,/ æ /
720,C,lawn,n.,Monophthong,/ ɔ /
721,C,lawsuit,n.,Monophthong,/ ɔ /
722,C,layout,n.,Diphthong,/ eɪ /
723,C,leak,v.,Monophthong,/ i /
724,C,leak,n.,Monophthong,/ i /
725,C,leap,v.,Monophthong,/ i /
726,C,leap,n.,Monophthong,/ i /
727,C,legacy,n.,Monophthong,/ ɛ /
728,C,legendary,adj.,Monophthong,/ ɛ /
729,C,legislation,n.,Diphthong,/ eɪ /
730,C,legislative,adj.,Monophthong,/ ɛ /
731,C,legislature,n.,Monophthong,/ ɛ /
732,C,legitimate,adj.,Monophthong,/ ɪ /
733,C,lengthy,adj.,Monophthong,/ ɛ /
734,C,lesbian,adj.,Monophthong,/ ɛ /
735,C,lesser,adj.,Monophthong,/ ɛ /
736,C,lethal,adj.,Monophthong,/ i /
737,C,liable,adj.,Diphthong,/ aɪ /
738,C,liberal,adj.,Monophthong,/ ɪ /
739,C,liberal,n.,Monophthong,/ ɪ /
740,C,liberation,n.,Diphthong,/ eɪ /
741,C,liberty,n.,Monophthong,/ ɪ /
742,C,license,v.,Diphthong,/ aɪ /
743,C,lifelong,adj.,Diphthong,/ aɪ /
744,C,likelihood,n.,Diphthong,/ aɪ /
745,C,limb,n.,Monophthong,/ ɪ /
746,C,linear,adj.,Monophthong,/ ɪ /
747,C,line-up,n.,Diphthong,/ aɪ /
748,C,linger,v.,Monophthong,/ ɪ /
749,C,listing,n.,Monophthong,/ ɪ /
750,C,literacy,n.,Monophthong,/ ɪ /
751,C,liver,n.,Monophthong,/ ɪ /
752,C,lobby,n.,Monophthong,/ ɑ /
753,C,log,n.,Monophthong,/ ɔ /
754,C,log,v.,Monophthong,/ ɔ /
755,C,logic,n.,Monophthong,/ ɑ /
756,C,long-standing,adj.,Monophthong,/ æ /
757,C,long-time,adj.,Monophthong,/ ɔ /
758,C,loom,v.,Monophthong,/ u /
759,C,loop,n.,Monophthong,/ u /
760,C,loyalty,n.,Diphthong,/ ɔɪ /
761,C,machinery,n.,Monophthong,/ i /
762,C,magical,adj.,Monophthong,/ æ /
763,C,magistrate,n.,Monophthong,/ æ /
764,C,magnetic,adj.,Monophthong,/ ɛ /
765,C,magnitude,n.,Monophthong,/ æ /
766,C,mainland,n.,Diphthong,/ eɪ /
767,C,mainstream,n.,Diphthong,/ eɪ /
768,C,mainstream,adj.,Diphthong,/ eɪ /
769,C,maintenance,n.,Diphthong,/ eɪ /
770,C,mandate,n.,Monophthong,/ æ /
771,C,mandatory,adj.,Monophthong,/ æ /
772,C,manifest,v.,Monophthong,/ æ /
773,C,manipulate,v.,Monophthong,/ ɪ /
774,C,manipulation,n.,Diphthong,/ eɪ /
775,C,manuscript,n.,Monophthong,/ æ /
776,C,march,n.,Monophthong,/ ɑ /
777,C,march,v.,Monophthong,/ ɑ /
778,C,marginal,adj.,Monophthong,/ ɑ /
779,C,marine,adj.,Monophthong,/ i /
780,C,marketplace,n.,Monophthong,/ ɑ /
781,C,mask,n.,Monophthong,/ æ /
782,C,massacre,n.,Monophthong,/ æ /
783,C,mathematical,adj.,Monophthong,/ æ /
784,C,mature,adj.,Monophthong,/ ʊ /
785,C,mature,v.,Monophthong,/ ʊ /
786,C,maximize,v.,Monophthong,/ æ /
787,C,meaningful,adj.,Monophthong,/ i /
788,C,meantime,n.,Monophthong,/ i /
789,C,medieval,adj.,Monophthong,/ i /
790,C,meditation,n.,Diphthong,/ eɪ /
791,C,melody,n.,Monophthong,/ ɛ /
792,C,memo,n.,Monophthong,/ ɛ /
793,C,memoir,n.,Monophthong,/ ɛ /
794,C,memorial,n.,Monophthong,/ ɔ /
795,C,mentor,n.,Monophthong,/ ɛ /
796,C,merchant,n.,Monophthong,/ ɝ /
797,C,mercy,n.,Monophthong,/ ɝ /
798,C,mere,adj.,Monophthong,/ ɪ /
799,C,merely,adv.,Monophthong,/ ɪ /
800,C,merge,v.,Monophthong,/ ɝ /
801,C,merger,n.,Monophthong,/ ɝ /
802,C,merit,n.,Monophthong,/ ɛ /
803,C,methodology,n.,Monophthong,/ ɑ /
804,C,midst,n.,Monophthong,/ ɪ /
805,C,migration,n.,Diphthong,/ eɪ /
806,C,militant,n.,Monophthong,/ ɪ /
807,C,militant,adj.,Monophthong,/ ɪ /
808,C,militia,n.,Monophthong,/ ɪ /
809,C,mill,n.,Monophthong,/ ɪ /
810,C,minimal,adj.,Monophthong,/ ɪ /
811,C,minimize,v.,Monophthong,/ ɪ /
812,C,mining,n.,Diphthong,/ aɪ /
813,C,ministry,n.,Monophthong,/ ɪ /
814,C,minute,,Monophthong,/ ɪ /
815,C,miracle,n.,Monophthong,/ ɪ /
816,C,misery,n.,Monophthong,/ ɪ /
817,C,misleading,adj.,Monophthong,/ i /
818,C,missile,n.,Monophthong,/ ɪ /
819,C,mob,n.,Monophthong,/ ɑ /
820,C,mobility,n.,Monophthong,/ ɪ /
821,C,mobilize,v.,Diphthong,/ oʊ /
822,C,moderate,adj.,Monophthong,/ ɑ /
823,C,modification,n.,Diphthong,/ eɪ /
824,C,momentum,n.,Monophthong,/ ɛ /
825,C,monk,n.,Monophthong,/ ʌ /
826,C,monopoly,n.,Monophthong,/ ɑ /
827,C,morality,n.,Monophthong,/ æ /
828,C,motive,n.,Diphthong,/ oʊ /
829,C,motorist,n.,Diphthong,/ oʊ /
830,C,municipal,adj.,Monophthong,/ ɪ /
831,C,mutual,adj.,Monophthong,/ u /
832,C,namely,adv.,Diphthong,/ eɪ /
833,C,nationwide,adj.,Diphthong,/ aɪ /
834,C,naval,adj.,Diphthong,/ eɪ /
835,C,neglect,v.,Monophthong,/ ɛ /
836,C,neglect,n.,Monophthong,/ ɛ /
837,C,neighboring,adj.,Diphthong,/ eɪ /
838,C,nest,n.,Monophthong,/ ɛ /
839,C,net,adj.,Monophthong,/ ɛ /
840,C,newsletter,n.,Monophthong,/ u /
841,C,niche,n.,Monophthong,/ ɪ /
842,C,noble,adj.,Diphthong,/ oʊ /
843,C,nod,v.,Monophthong,/ ɑ /
844,C,nominate,v.,Monophthong,/ ɑ /
845,C,nomination,n.,Diphthong,/ eɪ /
846,C,nominee,n.,Monophthong,/ i /
847,C,nonetheless,adv.,Monophthong,/ ɛ /
848,C,non-profit,adj.,Monophthong,/ ɑ /
849,C,nonsense,n.,Monophthong,/ ɑ /
850,C,noon,n.,Monophthong,/ u /
851,C,notable,adj.,Diphthong,/ oʊ /
852,C,notably,adv.,Diphthong,/ oʊ /
853,C,notify,v.,Diphthong,/ oʊ /
854,C,notorious,adj.,Monophthong,/ ɔ /
855,C,novel,adj.,Monophthong,/ ɑ /
856,C,nursery,n.,Monophthong,/ ɝ /
857,C,objection,n.,Monophthong,/ ɛ /
858,C,oblige,v.,Diphthong,/ aɪ /
859,C,obsess,v.,Monophthong,/ ɛ /
860,C,obsession,n.,Monophthong,/ ɛ /
861,C,occasional,adj.,Diphthong,/ eɪ /
862,C,occurrence,n.,Monophthong,/ ɝ /
863,C,odds,n.,Monophthong,/ ɑ /
864,C,offering,n.,Monophthong,/ ɔ /
865,C,offspring,n.,Monophthong,/ ɔ /
866,C,operational,adj.,Diphthong,/ eɪ /
867,C,opt,v.,Monophthong,/ ɑ /
868,C,optical,adj.,Monophthong,/ ɑ /
869,C,optimism,n.,Monophthong,/ ɑ /
870,C,oral,adj.,Monophthong,/ ɔ /
871,C,organizational,adj.,Diphthong,/ eɪ /
872,C,orientation,n.,Diphthong,/ eɪ /
873,C,originate,v.,Monophthong,/ ɪ /
874,C,outbreak,n.,Diphthong,/ aʊ
875,C,outing,n.,Diphthong,/ aʊ
876,C,outlet,n.,Diphthong,/ aʊ
877,C,outlook,n.,Diphthong,/ aʊ
878,C,outrage,n.,Diphthong,/ aʊ
879,C,outrage,v.,Diphthong,/ aʊ
880,C,outsider,n.,Diphthong,/ aɪ /
881,C,overlook,v.,Monophthong,/ ʊ /
882,C,overly,adv.,Diphthong,/ oʊ /
883,C,oversee,v.,Monophthong,/ i /
884,C,overturn,v.,Monophthong,/ ɝ /
885,C,overwhelm,v.,Monophthong,/ ɛ /
886,C,overwhelming,adj.,Monophthong,/ ɛ /
887,C,pad,n.,Monophthong,/ æ /
888,C,parameter,n.,Monophthong,/ æ /
889,C,parental,adj.,Monophthong,/ ɛ /
890,C,parish,n.,Monophthong,/ æ /
891,C,parliamentary,adj.,Monophthong,/ ɛ /
892,C,partial,adj.,Monophthong,/ ɑ /
893,C,partially,adv.,Monophthong,/ ɑ /
894,C,passing,n.,Monophthong,/ æ /
895,C,passive,adj.,Monophthong,/ æ /
896,C,pastor,n.,Monophthong,/ æ /
897,C,patch,n.,Monophthong,/ æ /
898,C,patent,n.,Monophthong,/ æ /
899,C,pathway,n.,Monophthong,/ æ /
900,C,patrol,n.,Diphthong,/ oʊ /
901,C,patrol,v.,Diphthong,/ oʊ /
902,C,patron,n.,Diphthong,/ eɪ /
903,C,peak,n.,Monophthong,/ i /
904,C,peasant,n.,Monophthong,/ ɛ /
905,C,peculiar,adj.,Monophthong,/ u /
906,C,persist,v.,Monophthong,/ ɪ /
907,C,persistent,adj.,Monophthong,/ ɪ /
908,C,personnel,n.,Monophthong,/ ɛ /
909,C,petition,n.,Monophthong,/ ɪ /
910,C,philosopher,n.,Monophthong,/ ɑ /
911,C,philosophical,adj.,Monophthong,/ ɑ /
912,C,physician,n.,Monophthong,/ ɪ /
913,C,pioneer,n.,Monophthong,/ ɪ /
914,C,pipeline,n.,Diphthong,/ aɪ /
915,C,pirate,n.,Diphthong,/ aɪ /
916,C,pit,n.,Monophthong,/ ɪ /
917,C,plea,n.,Monophthong,/ i /
918,C,plead,v.,Monophthong,/ i /
919,C,pledge,v.,Monophthong,/ ɛ /
920,C,pledge,n.,Monophthong,/ ɛ /
921,C,plug,v.,Monophthong,/ ʌ /
922,C,plug,n.,Monophthong,/ ʌ /
923,C,plunge,v.,Monophthong,/ ʌ /
924,C,pole,n.,Diphthong,/ oʊ /
925,C,poll,n.,Diphthong,/ oʊ /
926,C,pond,n.,Monophthong,/ ɑ /
927,C,pop,v.,Monophthong,/ ɑ /
928,C,portfolio,n.,Diphthong,/ oʊ /
929,C,portray,v.,Diphthong,/ eɪ /
930,C,postpone,v.,Diphthong,/ oʊ /
931,C,post-war,adj.,Diphthong,/ oʊ /
932,C,practitioner,n.,Monophthong,/ ɪ /
933,C,preach,v.,Monophthong,/ i /
934,C,precedent,n.,Monophthong,/ ɛ /
935,C,precision,n.,Monophthong,/ ɪ /
936,C,predator,n.,Monophthong,/ ɛ /
937,C,predecessor,n.,Monophthong,/ ɛ /
938,C,predominantly,adv.,Monophthong,/ ɑ /
939,C,pregnancy,n.,Monophthong,/ ɛ /
940,C,prejudice,n.,Monophthong,/ ɛ /
941,C,preliminary,adj.,Monophthong,/ ɪ /
942,C,premier,n.,Monophthong,/ ɪ /
943,C,premise,n.,Monophthong,/ ɛ /
944,C,premium,n.,Monophthong,/ i /
945,C,prescribe,v.,Diphthong,/ aɪ /
946,C,prescription,n.,Monophthong,/ ɪ /
947,C,presently,adv.,Monophthong,/ ɛ /
948,C,preservation,n.,Monophthong,/ ɛ /
949,C,preside,v.,Diphthong,/ aɪ /
950,C,presidency,n.,Monophthong,/ ɛ /
951,C,presidential,adj.,Monophthong,/ ɛ /
952,C,prestigious,adj.,Monophthong,/ i /
953,C,presumably,adv.,Monophthong,/ u /
954,C,presume,v.,Monophthong,/ u /
955,C,prevail,v.,Diphthong,/ eɪ /
956,C,prevalence,n.,Monophthong,/ ɛ /
957,C,prevention,n.,Monophthong,/ ɛ /
958,C,prey,n.,Diphthong,/ eɪ /
959,C,principal,n.,Monophthong,/ ɪ /
960,C,privatization,n.,Diphthong,/ aɪ /
961,C,privilege,n.,Monophthong,/ ɪ /
962,C,probe,n.,Diphthong,/ oʊ /
963,C,probe,v.,Diphthong,/ oʊ /
964,C,problematic,adj.,Monophthong,/ æ /
965,C,proceedings,n.,Monophthong,/ i /
966,C,proceeds,n.,Diphthong,/ oʊ /
967,C,processing,n.,Monophthong,/ ɑ /
968,C,processor,n.,Monophthong,/ ɑ /
969,C,proclaim,v.,Monophthong,/ eɪ /
970,C,productive,adj.,Monophthong,/ ʌ /
971,C,productivity,n.,Diphthong,/ oʊ /
972,C,profitable,adj.,Monophthong,/ ɑ /
973,C,profound,adj.,Diphthong,/ aʊ
974,C,projection,n.,Monophthong,/ ɛ /
975,C,prominent,adj.,Monophthong,/ ɑ /
976,C,pronounced,adj.,Diphthong,/ aʊ /
977,C,propaganda,n.,Monophthong,/ ɑ /
978,C,proposition,n.,Monophthong,/ ɪ /
979,C,prosecute,v.,Monophthong,/ ɑ /
980,C,prosecution,n.,Monophthong,/ ɑ /
981,C,prosecutor,n.,Monophthong,/ ɑ /
982,C,prospective,adj.,Monophthong,/ ɛ /
983,C,prosperity,n.,Monophthong,/ ɛ /
984,C,protective,adj.,Monophthong,/ ɛ /
985,C,protocol,n.,Diphthong,/ oʊ /
986,C,province,n.,Monophthong,/ ɑ /
987,C,provincial,adj.,Monophthong,/ ɪ /
988,C,provision,n.,Monophthong,/ ɪ /
989,C,provoke,v.,Diphthong,/ oʊ /
990,C,psychiatric,adj.,Monophthong,/ æ /
991,C,pulse,n.,Monophthong,/ ʌ /
992,C,pump,v.,Monophthong,/ ʌ /
993,C,punch,n.,Monophthong,/ ʌ /
994,C,query,n.,Monophthong,/ ɪ /
995,C,quest,n.,Monophthong,/ ɛ /
996,C,quota,n.,Diphthong,/ oʊ /
997,C,radar,n.,Diphthong,/ eɪ /
998,C,radical,adj.,Monophthong,/ æ /
999,C,rage,n.,Diphthong,/ eɪ /
1000,C,raid,n.,Diphthong,/ eɪ /
1001,C,rally,n.,Monophthong,/ æ /
1002,C,ranking,n.,Monophthong,/ æ /
1003,C,rape,v.,Diphthong,/ eɪ /
1004,C,ratio,n.,Diphthong,/ eɪ /
1005,C,rational,adj.,Monophthong,/ æ /
1006,C,ray,n.,Diphthong,/ eɪ /
1007,C,readily,adv.,Monophthong,/ ɛ /
1008,C,realization,n.,Diphthong,/ eɪ /
1009,C,realm,n.,Monophthong,/ ɛ /
1010,C,rear,adj.,Monophthong,/ ɪ /
1011,C,rear,n.,Monophthong,/ ɪ /
1012,C,reasoning,n.,Monophthong,/ i /
1013,C,reassure,v.,Monophthong,/ ʊ /
1014,C,rebel,n.,Monophthong,/ ɛ /
1015,C,rebellion,n.,Monophthong,/ ɛ /
1016,C,recipient,n.,Monophthong,/ ɪ /
1017,C,reconstruction,n.,Monophthong,/ ʌ /
1018,C,recount1,v.,Diphthong,/ aʊ
1019,C,referendum,n.,Monophthong,/ ɛ /
1020,C,reflection,n.,Monophthong,/ ɛ /
1021,C,reform,"n., v.",Monophthong,/ ɔ /
1022,C,refuge,n.,Monophthong,/ ɛ /
1023,C,refusal,n.,Monophthong,/ u /
1024,C,regain,v.,Monophthong,/ u /
1025,C,regardless,adv.,Monophthong,/ ɑ /
1026,C,regime,n.,Monophthong,/ i /
1027,C,regulator,n.,Monophthong,/ ɛ /
1028,C,regulatory,adj.,Monophthong,/ ɛ /
1029,C,rehabilitation,n.,Monophthong,/ ɪ /
1030,C,reign,n.,Diphthong,/ eɪ /
1031,C,reign,v.,Diphthong,/ eɪ /
1032,C,rejection,n.,Monophthong,/ ɛ /
1033,C,relevance,n.,Monophthong,/ ɛ /
1034,C,reliability,n.,Monophthong,/ ɪ /
1035,C,reluctant,adj.,Monophthong,/ ʌ /
1036,C,remainder,n.,Diphthong,/ eɪ /
1037,C,remains,n.,Diphthong,/ eɪ /
1038,C,remedy,n.,Monophthong,/ ɛ /
1039,C,reminder,n.,Diphthong,/ aɪ /
1040,C,removal,n.,Monophthong,/ u /
1041,C,render,v.,Monophthong,/ ɛ /
1042,C,renew,v.,Monophthong,/ u /
1043,C,renowned,adj.,Diphthong,/ aʊ
1044,C,rental,n.,Monophthong,/ ɛ /
1045,C,replacement,n.,Diphthong,/ eɪ /
1046,C,reportedly,adv.,Monophthong,/ ɔ /
1047,C,representation,n.,Diphthong,/ eɪ /
1048,C,reproduce,v.,Monophthong,/ u /
1049,C,reproduction,n.,Monophthong,/ ʌ /
1050,C,republic,n.,Monophthong,/ ʌ /
1051,C,resemble,v.,Monophthong,/ ɛ /
1052,C,reside,v.,Diphthong,/ aɪ /
1053,C,residence,n.,Monophthong,/ ɛ /
1054,C,residential,adj.,Monophthong,/ ɛ /
1055,C,residue,n.,Monophthong,/ ɛ /
1056,C,resignation,n.,Diphthong,/ eɪ /
1057,C,resistance,n.,Monophthong,/ ɪ /
1058,C,respective,adj.,Monophthong,/ ɛ /
1059,C,respectively,adv.,Monophthong,/ ɛ /
1060,C,restoration,n.,Diphthong,/ eɪ /
1061,C,restraint,n.,Diphthong,/ eɪ /
1062,C,resume,v.,Monophthong,/ u /
1063,C,retreat,n.,Monophthong,/ i /
1064,C,retreat,v.,Monophthong,/ i /
1065,C,retrieve,v.,Monophthong,/ i /
1066,C,revelation,n.,Diphthong,/ eɪ /
1067,C,revenge,n.,Monophthong,/ ɛ /
1068,C,reverse,v.,Monophthong,/ ɝ /
1069,C,revival,n.,Diphthong,/ aɪ /
1070,C,revive,v.,Diphthong,/ aɪ /
1071,C,revolutionary,adj.,Monophthong,/ u /
1072,C,rhetoric,n.,Monophthong,/ ɛ /
1073,C,rifle,n.,Diphthong,/ aɪ /
1074,C,riot,n.,Diphthong,/ aɪ /
1075,C,rip,v.,Monophthong,/ ɪ /
1076,C,ritual,n.,Monophthong,/ ɪ /
1077,C,robust,adj.,Monophthong,/ ʌ /
1078,C,rock,v.,Monophthong,/ ɑ /
1079,C,rod,n.,Monophthong,/ ɑ /
1080,C,rotate,v.,Diphthong,/ oʊ /
1081,C,rotation,n.,Diphthong,/ eɪ /
1082,C,ruling,n.,Monophthong,/ u /
1083,C,rumor,n.,Monophthong,/ u /
1084,C,sack,v.,Monophthong,/ æ /
1085,C,sacred,adj.,Diphthong,/ eɪ /
1086,C,sacrifice,n.,Monophthong,/ æ /
1087,C,sacrifice,v.,Monophthong,/ æ /
1088,C,saint,n.,Diphthong,/ eɪ /
1089,C,sake,n.,Diphthong,/ eɪ /
1090,C,sanction,n.,Monophthong,/ æ /
1091,C,say,n.,Diphthong,/ eɪ /
1092,C,scattered,adj.,Monophthong,/ æ /
1093,C,skeptical,adj.,Monophthong,/ ɛ /
1094,C,scope,n.,Diphthong,/ oʊ /
1095,C,screw,n.,Monophthong,/ u /
1096,C,scrutiny,n.,Monophthong,/ u /
1097,C,seal,v.,Monophthong,/ i /
1098,C,seal,n.,Monophthong,/ i /
1099,C,secular,adj.,Monophthong,/ ɛ /
1100,C,seemingly,adv.,Monophthong,/ i /
1101,C,segment,n.,Monophthong,/ ɛ /
1102,C,seize,v.,Monophthong,/ i /
1103,C,seldom,adv.,Monophthong,/ ɛ /
1104,C,selective,adj.,Monophthong,/ ɛ /
1105,C,senator,n.,Monophthong,/ ɛ /
1106,C,sensation,n.,Diphthong,/ eɪ /
1107,C,sensitivity,n.,Monophthong,/ ɪ /
1108,C,sentiment,n.,Monophthong,/ ɛ /
1109,C,separation,n.,Diphthong,/ eɪ /
1110,C,serial,adj.,Monophthong,/ ɪ /
1111,C,settlement,n.,Monophthong,/ ɛ /
1112,C,set-up,n.,Monophthong,/ ɛ /
1113,C,sexuality,n.,Monophthong,/ æ /
1114,C,shareholder,n.,Monophthong,/ ɝ /
1115,C,shatter,v.,Monophthong,/ æ /
1116,C,shed,v.,Monophthong,/ ɛ /
1117,C,sheer,adj.,Monophthong,/ ɪ /
1118,C,shipping,n.,Monophthong,/ ɪ /
1119,C,shoot,n.,Monophthong,/ u /
1120,C,shrink,v.,Monophthong,/ ɪ /
1121,C,shrug,v.,Monophthong,/ ʌ /
1122,C,sigh,v.,Diphthong,/ aɪ /
1123,C,sigh,n.,Diphthong,/ aɪ /
1124,C,simulate,v.,Monophthong,/ ɪ /
1125,C,simulation,n.,Diphthong,/ eɪ /
1126,C,simultaneously,adv.,Diphthong,/ eɪ /
1127,C,sin,n.,Monophthong,/ ɪ /
1128,C,situated,adj.,Monophthong,/ ɪ /
1129,C,sketch,n.,Monophthong,/ ɛ /
1130,C,skip,v.,Monophthong,/ ɪ /
1131,C,slam,v.,Monophthong,/ æ /
1132,C,slap,v.,Monophthong,/ æ /
1133,C,slash,v.,Monophthong,/ æ /
1134,C,slavery,n.,Diphthong,/ eɪ /
1135,C,slot,n.,Monophthong,/ ɑ /
1136,C,smash,v.,Monophthong,/ æ /
1137,C,snap,v.,Monophthong,/ æ /
1138,C,soak,v.,Diphthong,/ oʊ /
1139,C,soar,v.,Monophthong,/ ɔ /
1140,C,socialist,adj.,Diphthong,/ oʊ /
1141,C,sole,adj.,Diphthong,/ oʊ /
1142,C,solely,adv.,Diphthong,/ oʊ /
1143,C,solicitor,n.,Monophthong,/ ɪ /
1144,C,solidarity,n.,Monophthong,/ æ /
1145,C,solo,n.,Diphthong,/ oʊ /
1146,C,sound,adj.,Diphthong,/ aʊ
1147,C,sovereignty,n.,Monophthong,/ ɑ /
1148,C,spam,n.,Monophthong,/ æ /
1149,C,span,v.,Monophthong,/ æ /
1150,C,span,n.,Monophthong,/ æ /
1151,C,spare,v.,Monophthong,/ ɛ /
1152,C,spark,v.,Monophthong,/ ɑ /
1153,C,specialized,adj.,Monophthong,/ ɛ /
1154,C,specification,n.,Diphthong,/ eɪ /
1155,C,specimen,n.,Monophthong,/ ɛ /
1156,C,spectacle,n.,Monophthong,/ ɛ /
1157,C,spectrum,n.,Monophthong,/ ɛ /
1158,C,spell,n.,Monophthong,/ ɛ /
1159,C,sphere,n.,Monophthong,/ ɪ /
1160,C,spin,v.,Monophthong,/ ɪ /
1161,C,spin,n.,Monophthong,/ ɪ /
1162,C,spine,n.,Diphthong,/ aɪ /
1163,C,spotlight,n.,Monophthong,/ ɑ /
1164,C,spouse,n.,Diphthong,/ aʊ
1165,C,spy,n.,Diphthong,/ aɪ /
1166,C,squad,n.,Monophthong,/ ɑ /
1167,C,squeeze,v.,Monophthong,/ i /
1168,C,stab,v.,Monophthong,/ æ /
1169,C,stability,n.,Monophthong,/ ɪ /
1170,C,stabilize,v.,Diphthong,/ eɪ /
1171,C,stake,n.,Diphthong,/ eɪ /
1172,C,standing,adj.,Monophthong,/ æ /
1173,C,stark,adj.,Monophthong,/ ɑ /
1174,C,statistical,adj.,Monophthong,/ ɪ /
1175,C,steer,v.,Monophthong,/ ɪ /
1176,C,stem,n.,Monophthong,/ ɛ /
1177,C,stem,v.,Monophthong,/ ɛ /
1178,C,stereotype,n.,Monophthong,/ ɛ /
1179,C,stimulus,n.,Monophthong,/ ɪ /
1180,C,stir,v.,Monophthong,/ ɝ /
1181,C,storage,n.,Monophthong,/ ɔ /
1182,C,straightforward,adj.,Monophthong,/ ɔ /
1183,C,strain,n.,Diphthong,/ eɪ /
1184,C,strand,n.,Monophthong,/ æ /
1185,C,strategic,adj.,Monophthong,/ i /
1186,C,striking,adj.,Diphthong,/ aɪ /
1187,C,strip,(long narrow piece) n.,Monophthong,/ ɪ /
1188,C,strip,(remove clothes/a layer) v.,Monophthong,/ ɪ /
1189,C,strive,v.,Diphthong,/ aɪ /
1190,C,structural,adj.,Monophthong,/ ʌ /
1191,C,stumble,v.,Monophthong,/ ʌ /
1192,C,stun,v.,Monophthong,/ ʌ /
1193,C,submission,n.,Monophthong,/ ɪ /
1194,C,subscriber,n.,Diphthong,/ aɪ /
1195,C,subscription,n.,Monophthong,/ ɪ /
1196,C,subsidy,n.,Monophthong,/ ʌ /
1197,C,substantial,adj.,Monophthong,/ æ /
1198,C,substantially,adv.,Monophthong,/ æ /
1199,C,substitute,n.,Monophthong,/ ʌ /
1200,C,substitute,v.,Monophthong,/ ʌ /
1201,C,substitution,n.,Monophthong,/ u /
1202,C,subtle,adj.,Monophthong,/ ʌ /
1203,C,suburban,adj.,Monophthong,/ ɝ /
1204,C,succession,n.,Monophthong,/ ɛ /
1205,C,successive,adj.,Monophthong,/ ɛ /
1206,C,successor,n.,Monophthong,/ ɛ /
1207,C,suck,v.,Monophthong,/ ʌ /
1208,C,sue,v.,Monophthong,/ u /
1209,C,suicide,n.,Monophthong,/ u /
1210,C,suite,n.,Monophthong,/ i /
1211,C,summit,n.,Monophthong,/ ʌ /
1212,C,superb,adj.,Monophthong,/ ɝ /
1213,C,superior,adj.,Monophthong,/ ɪ /
1214,C,supervise,v.,Monophthong,/ u /
1215,C,supervision,n.,Monophthong,/ ɪ /
1216,C,supervisor,n.,Monophthong,/ u /
1217,C,supplement,n.,Monophthong,/ ʌ /
1218,C,supplement,v.,Monophthong,/ ʌ /
1219,C,supportive,adj.,Monophthong,/ ɔ /
1220,C,supposedly,adv.,Diphthong,/ oʊ /
1221,C,suppress,v.,Monophthong,/ ɛ /
1222,C,supreme,adj.,Monophthong,/ i /
1223,C,surge,n.,Monophthong,/ ɝ /
1224,C,surge,v.,Monophthong,/ ɝ /
1225,C,surgical,adj.,Monophthong,/ ɝ /
1226,C,surplus,n.,Monophthong,/ ɝ /
1227,C,surrender,v.,Monophthong,/ ɛ /
1228,C,surveillance,n.,Diphthong,/ eɪ /
1229,C,suspension,n.,Monophthong,/ ɛ /
1230,C,suspicion,n.,Monophthong,/ ɪ /
1231,C,suspicious,adj.,Monophthong,/ ɪ /
1232,C,sustain,v.,Diphthong,/ eɪ /
1233,C,swing,n.,Monophthong,/ ɪ /
1234,C,sword,n.,Monophthong,/ ɔ /
1235,C,symbolic,adj.,Monophthong,/ ɑ /
1236,C,syndrome,n.,Monophthong,/ ɪ /
1237,C,synthesis,n.,Monophthong,/ ɪ /
1238,C,systematic,adj.,Monophthong,/ æ /
1239,C,tackle,n.,Monophthong,/ æ /
1240,C,tactic,n.,Monophthong,/ æ /
1241,C,tactical,adj.,Monophthong,/ æ /
1242,C,taxpayer,n.,Monophthong,/ æ /
1243,C,tempt,v.,Monophthong,/ ɛ /
1244,C,tenant,n.,Monophthong,/ ɛ /
1245,C,tender,adj.,Monophthong,/ ɛ /
1246,C,tenure,n.,Monophthong,/ ɛ /
1247,C,terminal,adj.,Monophthong,/ ɝ /
1248,C,terminate,v.,Monophthong,/ ɝ /
1249,C,terrain,n.,Diphthong,/ eɪ /
1250,C,terrific,adj.,Monophthong,/ ɪ /
1251,C,testify,v.,Monophthong,/ ɛ /
1252,C,testimony,n.,Monophthong,/ ɛ /
1253,C,texture,n.,Monophthong,/ ɛ /
1254,C,thankfully,adv.,Monophthong,/ æ /
1255,C,theatrical,adj.,Monophthong,/ æ /
1256,C,theology,n.,Monophthong,/ ɑ /
1257,C,theoretical,adj.,Monophthong,/ ɛ /
1258,C,thereafter,adv.,Monophthong,/ æ /
1259,C,thereby,adv.,Diphthong,/ aɪ /
1260,C,thoughtful,adj.,Monophthong,/ ɔ /
1261,C,thought-provoking,adj.,Monophthong,/ ɔ /
1262,C,thread,n.,Monophthong,/ ɛ /
1263,C,threshold,n.,Monophthong,/ ɛ /
1264,C,thrilled,adj.,Monophthong,/ ɪ /
1265,C,thrive,v.,Diphthong,/ aɪ /
1266,C,tide,n.,Diphthong,/ aɪ /
1267,C,tighten,v.,Diphthong,/ aɪ /
1268,C,timber,n.,Monophthong,/ ɪ /
1269,C,timely,adj.,Diphthong,/ aɪ /
1270,C,tobacco,n.,Monophthong,/ æ /
1271,C,tolerance,n.,Monophthong,/ ɑ /
1272,C,tolerate,v.,Monophthong,/ ɑ /
1273,C,toll,n.,Diphthong,/ oʊ /
1274,C,top,v.,Monophthong,/ ɑ /
1275,C,torture,n.,Monophthong,/ ɔ /
1276,C,toss,v.,Monophthong,/ ɔ /
1277,C,total,v.,Diphthong,/ oʊ /
1278,C,toxic,adj.,Monophthong,/ ɑ /
1279,C,trace,n.,Diphthong,/ eɪ /
1280,C,trademark,n.,Diphthong,/ eɪ /
1281,C,trail,n.,Diphthong,/ eɪ /
1282,C,trail,v.,Diphthong,/ eɪ /
1283,C,trailer,n.,Diphthong,/ eɪ /
1284,C,transaction,n.,Monophthong,/ æ /
1285,C,transcript,n.,Monophthong,/ æ /
1286,C,transformation,n.,Diphthong,/ eɪ /
1287,C,transit,n.,Monophthong,/ æ /
1288,C,transmission,n.,Monophthong,/ ɪ /
1289,C,transparency,n.,Monophthong,/ æ /
1290,C,transparent,adj.,Monophthong,/ æ /
1291,C,trauma,n.,Diphthong,/ aʊ
1292,C,treaty,n.,Monophthong,/ i /
1293,C,tremendous,adj.,Monophthong,/ ɛ /
1294,C,tribal,adj.,Diphthong,/ aɪ /
1295,C,tribunal,n.,Monophthong,/ u /
1296,C,tribute,n.,Monophthong,/ ɪ /
1297,C,trigger,n.,Monophthong,/ ɪ /
1298,C,trio,n.,Monophthong,/ i /
1299,C,triumph,n.,Diphthong,/ aɪ /
1300,C,trophy,n.,Diphthong,/ oʊ /
1301,C,troubled,adj.,Monophthong,/ ʌ /
1302,C,trustee,n.,Monophthong,/ i /
1303,C,tuition,n.,Monophthong,/ ɪ /
1304,C,turnout,n.,Monophthong,/ ɝ /
1305,C,turnover,n.,Monophthong,/ ɝ /
1306,C,twist,v.,Monophthong,/ ɪ /
1307,C,undergraduate,n.,Monophthong,/ æ /
1308,C,underlying,adj.,Monophthong,/ ʌ /
1309,C,undermine,v.,Diphthong,/ aɪ /
1310,C,undoubtedly,adv.,Diphthong,/ aʊ
1311,C,unify,v.,Monophthong,/ u /
1312,C,unprecedented,adj.,Monophthong,/ ɛ /
1313,C,unveil,v.,Diphthong,/ eɪ /
1314,C,upcoming,adj.,Monophthong,/ ʌ /
1315,C,upgrade,v.,Diphthong,/ eɪ /
1316,C,uphold,v.,Diphthong,/ oʊ /
1317,C,utility,n.,Monophthong,/ ɪ /
1318,C,utilize,v.,Monophthong,/ u /
1319,C,utterly,adv.,Monophthong,/ ʌ /
1320,C,vacuum,n.,Monophthong,/ æ /
1321,C,vague,adj.,Diphthong,/ eɪ /
1322,C,validity,n.,Monophthong,/ ɪ /
1323,C,vanish,v.,Monophthong,/ æ /
1324,C,variable,n.,Monophthong,/ ɛ /
1325,C,variable,adj.,Monophthong,/ ɛ /
1326,C,varied,adj.,Monophthong,/ ɛ /
1327,C,vein,n.,Diphthong,/ eɪ /
1328,C,venture,n.,Monophthong,/ ɛ /
1329,C,venture,v.,Monophthong,/ ɛ /
1330,C,verbal,adj.,Monophthong,/ ɝ /
1331,C,verdict,n.,Monophthong,/ ɝ /
1332,C,verify,v.,Monophthong,/ ɛ /
1333,C,verse,n.,Monophthong,/ ɝ /
1334,C,versus,prep.,Monophthong,/ ɝ /
1335,C,vessel,n.,Monophthong,/ ɛ /
1336,C,veteran,n.,Monophthong,/ ɛ /
1337,C,viable,adj.,Diphthong,/ aɪ /
1338,C,vibrant,adj.,Diphthong,/ aɪ /
1339,C,vice,n.,Diphthong,/ aɪ /
1340,C,vicious,adj.,Monophthong,/ ɪ /
1341,C,villager,n.,Monophthong,/ ɪ /
1342,C,violate,v.,Diphthong,/ aɪ /
1343,C,violation,n.,Diphthong,/ eɪ /
1344,C,virtue,n.,Monophthong,/ ɝ /
1345,C,vocal,adj.,Diphthong,/ oʊ /
1346,C,vow,v.,Diphthong,/ aʊ
1347,C,vulnerability,n.,Monophthong,/ ɪ /
1348,C,vulnerable,adj.,Monophthong,/ ʌ /
1349,C,ward,n.,Monophthong,/ ɔ /
1350,C,warehouse,n.,Diphthong,/ aʊ
1351,C,warfare,n.,Monophthong,/ ɛ /
1352,C,warrant,n.,Monophthong,/ ɔ /
1353,C,warrant,v.,Monophthong,/ ɔ /
1354,C,warrior,n.,Monophthong,/ ɔ /
1355,C,weaken,v.,Monophthong,/ i /
1356,C,weave,v.,Monophthong,/ i /
1357,C,weed,n.,Monophthong,/ i /
1358,C,well,n.,Monophthong,/ ɛ /
1359,C,well-being,n.,Monophthong,/ ɛ /
1360,C,whatsoever,adv.,Monophthong,/ ɛ /
1361,C,whereby,adv.,Diphthong,/ aɪ /
1362,C,whilst,conj.,Diphthong,/ aɪ /
1363,C,whip,v.,Monophthong,/ ɪ /
1364,C,wholly,adv.,Diphthong,/ oʊ /
1365,C,widen,v.,Diphthong,/ aɪ /
1366,C,widow,n.,Monophthong,/ ɪ /
1367,C,width,n.,Monophthong,/ ɪ /
1368,C,willingness,n.,Monophthong,/ ɪ /
1369,C,wipe,v.,Diphthong,/ aɪ /
1370,C,wit,n.,Monophthong,/ ɪ /
1371,C,withdrawal,n.,Monophthong,/ ɔ /
1372,C,workout,n.,Monophthong,/ ɝ /
1373,C,worship,n.,Monophthong,/ ɝ /
1374,C,worship,v.,Monophthong,/ ɝ /
1375,C,worthwhile,adj.,Diphthong,/ aɪ /
1376,C,worthy,adj.,Monophthong,/ ɝ /
1377,C,yell,v.,Monophthong,/ ɛ /
1378,C,yield,n.,Monophthong,/ i /
1379,C,yield,v.,Monophthong,/ i /
1380,C,youngster,n.,Monophthong,/ ʌ /
1,B,absorb,v.,Monophthong,/ ɔ /
2,B,abstract,n.,Monophthong,/ æ /
3,B,abstract,adj.,Monophthong,/ æ /
4,B,accent,n.,Monophthong,/ æ /
5,B,accidentally,adv.,Monophthong,/ ɛ /
6,B,accommodate,v.,Monophthong,/ ɑ /
7,B,accomplish,v.,Monophthong,/ ɑ /
8,B,accountant,n.,Diphthong,/ aʊ /
9,B,accuracy,n.,Monophthong,/ æ /
10,B,accurately,adv.,Monophthong,/ æ /
11,B,acid,n.,Monophthong,/ æ /
12,B,activate,v.,Monophthong,/ æ /
13,B,addiction,n.,Monophthong,/ ɪ /
14,B,additionally,adv.,Monophthong,/ ɪ /
15,B,adequate,adj.,Monophthong,/ æ /
16,B,adequately,adv.,Monophthong,/ æ /
17,B,adjust,v.,Monophthong,/ ʌ /
18,B,affordable,adj.,Monophthong,/ ɔ /
19,B,agriculture,n.,Monophthong,/ æ /
20,B,AIDS,n.,Diphthong,/ eɪ /
21,B,alien,n.,Diphthong,/ eɪ /
22,B,alongside,prep.,Diphthong,/ aɪ /
23,B,altogether,adv.,Monophthong,/ ɛ /
24,B,ambulance,n.,Monophthong,/ æ /
25,B,amusing,adj.,Monophthong,/ u /
26,B,analyst,n.,Monophthong,/ æ /
27,B,ancestor,n.,Monophthong,/ æ /
28,B,animation,n.,Diphthong,/ eɪ /
29,B,annually,adv.,Monophthong,/ æ /
30,B,anticipate,v.,Monophthong,/ ɪ /
31,B,anxiety,n.,Diphthong,/ aɪ /
32,B,apology,n.,Monophthong,/ ɑ /
33,B,applicant,n.,Monophthong,/ æ /
34,B,appropriately,adv.,Diphthong,/ oʊ /
35,B,arrow,n.,Monophthong,/ æ /
36,B,artwork,n.,Monophthong,/ ɑ /
37,B,aside,adv.,Diphthong,/ aɪ /
38,B,asset,n.,Monophthong,/ æ /
39,B,assign,v.,Diphthong,/ aɪ /
40,B,assistance,n.,Monophthong,/ ɪ /
41,B,assumption,n.,Monophthong,/ ʌ /
42,B,assure,v.,Monophthong,/ ʊ /
43,B,astonishing,adj.,Monophthong,/ ɑ /
44,B,attachment,n.,Monophthong,/ æ /
45,B,auction,n.,Monophthong,/ ɔ /
46,B,audio,adj.,Monophthong,/ ɔ /
47,B,automatic,adj.,Monophthong,/ æ /
48,B,automatically,adv.,Monophthong,/ æ /
49,B,awareness,n.,Monophthong,/ ɝ /
50,B,awkward,adj.,Monophthong,/ ɔ /
51,B,badge,n.,Monophthong,/ æ /
52,B,balanced,adj.,Monophthong,/ æ /
53,B,ballet,n.,Diphthong,/ eɪ /
54,B,balloon,n.,Monophthong,/ u /
55,B,barely,adv.,Monophthong,/ ɝ /
56,B,bargain,n.,Monophthong,/ ɑ /
57,B,basement,n.,Diphthong,/ eɪ /
58,B,basket,n.,Monophthong,/ æ /
59,B,bat,n.,Monophthong,/ æ /
60,B,beneficial,adj.,Monophthong,/ ɪ /
61,B,beside,prep.,Diphthong,/ aɪ /
62,B,besides,prep.,Diphthong,/ aɪ /
63,B,besides,adv.,Diphthong,/ aɪ /
64,B,bias,n.,Diphthong,/ aɪ /
65,B,bid,n.,Monophthong,/ ɪ /
66,B,bid,v.,Monophthong,/ ɪ /
67,B,biological,adj.,Monophthong,/ ɑ /
68,B,blanket,n.,Monophthong,/ æ /
69,B,blow,n.,Diphthong,/ oʊ /
70,B,bold,adj.,Diphthong,/ oʊ /
71,B,bombing,n.,Monophthong,/ ɑ /
72,B,booking,n.,Monophthong,/ ʊ /
73,B,boost,v.,Monophthong,/ u /
74,B,boost,n.,Monophthong,/ u /
75,B,bound,adj.,Diphthong,/ aʊ /
76,B,brick,n.,Monophthong,/ ɪ /
77,B,briefly,adv.,Monophthong,/ i /
78,B,broadcaster,n.,Monophthong,/ ɔ /
79,B,broadly,adv.,Monophthong,/ ɔ /
80,B,bug,n.,Monophthong,/ ʌ /
81,B,cabin,n.,Monophthong,/ æ /
82,B,canal,n.,Monophthong,/ æ /
83,B,candle,n.,Monophthong,/ æ /
84,B,carbon,n.,Monophthong,/ ɑ /
85,B,casual,adj.,Monophthong,/ æ /
86,B,cave,n.,Diphthong,/ eɪ /
87,B,certainty,n.,Monophthong,/ ɝ /
88,B,certificate,n.,Monophthong,/ ɪ /
89,B,challenging,adj.,Monophthong,/ æ /
90,B,championship,n.,Monophthong,/ æ /
91,B,charming,adj.,Monophthong,/ ɑ /
92,B,chase,v.,Diphthong,/ eɪ /
93,B,chase,n.,Diphthong,/ aɪ /
94,B,cheek,n.,Monophthong,/ i /
95,B,cheer,v.,Monophthong,/ ɝ /
96,B,cheer,n.,Monophthong,/ ɝ /
97,B,choir,n.,Diphthong,/ aɪ /
98,B,chop,v.,Monophthong,/ ɑ /
99,B,circuit,n.,Monophthong,/ ɪ /
100,B,civilization,n.,Diphthong,/ eɪ /
101,B,clarify,v.,Monophthong,/ æ /
102,B,classify,v.,Monophthong,/ æ /
103,B,clerk,n.,Monophthong,/ ɝ /
104,B,cliff,n.,Monophthong,/ ɪ /
105,B,clinic,n.,Monophthong,/ ɪ /
106,B,clip,n.,Monophthong,/ ɪ /
107,B,coincidence,n.,Monophthong,/ ɪ /
108,B,collector,n.,Monophthong,/ ɛ /
109,B,colony,n.,Monophthong,/ ɑ /
110,B,colorful,adj.,Monophthong,/ ʌ /
111,B,comic,adj.,Monophthong,/ ɑ /
112,B,comic,n.,Monophthong,/ ɑ /
113,B,commander,n.,Monophthong,/ æ /
114,B,comparative,adj.,Monophthong,/ æ /
115,B,completion,n.,Monophthong,/ i /
116,B,compose,v.,Diphthong,/ oʊ /
117,B,composer,n.,Diphthong,/ oʊ /
118,B,compound,n.,Diphthong,/ aʊ /
119,B,comprehensive,adj.,Monophthong,/ ɛ /
120,B,comprise,v.,Diphthong,/ aɪ /
121,B,compulsory,adj.,Monophthong,/ ʌ /
122,B,concrete,adj.,Monophthong,/ ɑ /
123,B,concrete,n.,Monophthong,/ ɑ /
124,B,confess,v.,Monophthong,/ ɛ /
125,B,confusion,n.,Monophthong,/ u /
126,B,consequently,adv.,Monophthong,/ ɑ /
127,B,conservation,n.,Diphthong,/ eɪ /
128,B,considerable,adj.,Monophthong,/ ɪ /
129,B,considerably,adv.,Monophthong,/ ɪ /
130,B,consistently,adv.,Monophthong,/ ɪ /
131,B,conspiracy,n.,Monophthong,/ ɪ /
132,B,consult,v.,Monophthong,/ ʌ /
133,B,consultant,n.,Monophthong,/ ʌ /
134,B,consumption,n.,Monophthong,/ ʌ /
135,B,controversial,adj.,Monophthong,/ ɛ /
136,B,controversy,n.,Monophthong,/ ɑ /
137,B,convenience,n.,Monophthong,/ i /
138,B,convention,n.,Monophthong,/ ɛ /
139,B,conventional,adj.,Monophthong,/ ɛ /
140,B,convey,v.,Diphthong,/ eɪ /
141,B,convincing,adj.,Monophthong,/ ɪ /
142,B,cope,v.,Diphthong,/ oʊ /
143,B,corporation,n.,Diphthong,/ eɪ /
144,B,corridor,n.,Monophthong,/ ɔ /
145,B,counter,n.,Diphthong,/ aʊ /
146,B,coverage,n.,Monophthong,/ ʌ /
147,B,crack,v.,Monophthong,/ æ /
148,B,crack,n.,Monophthong,/ æ /
149,B,craft,n.,Monophthong,/ æ /
150,B,creativity,n.,Monophthong,/ ɪ /
151,B,critically,adv.,Monophthong,/ ɪ /
152,B,cruise,n.,Monophthong,/ u /
153,B,cruise,v.,Monophthong,/ u /
154,B,cue,n.,Monophthong,/ u /
155,B,curious,adj.,Monophthong,/ ʊ /
156,B,curriculum,n.,Monophthong,/ ɪ /
157,B,cute,adj.,Monophthong,/ u /
158,B,dairy,n.,Monophthong,/ ɛ /
159,B,dairy,adj.,Monophthong,/ ɛ /
160,B,dare,v.,Monophthong,/ ɛ /
161,B,darkness,n.,Monophthong,/ ɑ /
162,B,database,n.,Diphthong,/ eɪ /
163,B,deadline,n.,Monophthong,/ ɛ /
164,B,deadly,adj.,Monophthong,/ ɛ /
165,B,dealer,n.,Monophthong,/ i /
166,B,deck,n.,Monophthong,/ ɛ /
167,B,defender,n.,Monophthong,/ ɛ /
168,B,delete,v.,Monophthong,/ i /
169,B,democracy,n.,Monophthong,/ ɑ /
170,B,democratic,adj.,Monophthong,/ æ /
171,B,demonstration,n.,Diphthong,/ eɪ /
172,B,depart,v.,Monophthong,/ ɑ /
173,B,dependent,adj.,Monophthong,/ ɛ /
174,B,deposit,n.,Monophthong,/ ɑ /
175,B,depression,n.,Monophthong,/ ɛ /
176,B,derive,v.,Diphthong,/ aɪ /
177,B,desperately,adv.,Monophthong,/ ɛ /
178,B,destruction,n.,Monophthong,/ ʌ /
179,B,determination,n.,Diphthong,/ eɪ /
180,B,devote,v.,Diphthong,/ oʊ /
181,B,differ,v.,Monophthong,/ ɪ /
182,B,disability,n.,Monophthong,/ ɪ /
183,B,disabled,adj.,Diphthong,/ eɪ /
184,B,disagreement,n.,Monophthong,/ i /
185,B,disappoint,v.,Diphthong,/ ɔɪ /
186,B,disappointment,n.,Diphthong,/ ɔɪ /
187,B,discourage,v.,Monophthong,/ ɝ /
188,B,disorder,n.,Monophthong,/ ɔ /
189,B,distant,adj.,Monophthong,/ ɪ /
190,B,distinct,adj.,Monophthong,/ ɪ /
191,B,distinguish,v.,Monophthong,/ ɪ /
192,B,distract,v.,Monophthong,/ æ /
193,B,disturb,v.,Monophthong,/ ɝ /
194,B,dive,v.,Diphthong,/ aɪ /
195,B,diverse,adj.,Monophthong,/ ɝ /
196,B,diversity,n.,Monophthong,/ ɝ /
197,B,divorce,v.,Monophthong,/ ɔ /
198,B,dominant,adj.,Monophthong,/ ɑ /
199,B,donation,n.,Diphthong,/ eɪ /
200,B,dot,n.,Monophthong,/ ɑ /
201,B,downtown,n.,Diphthong,/ aʊ /
202,B,dramatically,adv.,Monophthong,/ æ /
203,B,drought,n.,Diphthong,/ aʊ /
204,B,dull,adj.,Monophthong,/ ʌ /
205,B,dump,v.,Monophthong,/ ʌ /
206,B,duration,n.,Diphthong,/ eɪ /
207,B,dynamic,adj.,Monophthong,/ æ /
208,B,economics,n.,Monophthong,/ ɑ /
209,B,economist,n.,Monophthong,/ ɑ /
210,B,editorial,adj.,Monophthong,/ ɔ /
211,B,efficiently,adv.,Monophthong,/ ɪ /
212,B,elbow,n.,Monophthong,/ ɛ /
213,B,electronics,n.,Monophthong,/ ɑ /
214,B,elegant,adj.,Monophthong,/ ɛ /
215,B,elementary,adj.,Monophthong,/ ɛ /
216,B,eliminate,v.,Monophthong,/ ɪ /
217,B,embrace,v.,Diphthong,/ eɪ /
218,B,emission,n.,Monophthong,/ ɪ /
219,B,emotionally,adv.,Diphthong,/ oʊ /
220,B,empire,n.,Monophthong,/ ɛ /
221,B,enjoyable,adj.,Diphthong,/ ɔɪ /
222,B,entertaining,adj.,Diphthong,/ eɪ /
223,B,entrepreneur,n.,Monophthong,/ ʊ /
224,B,envelope,n.,Monophthong,/ ɛ /
225,B,equip,v.,Monophthong,/ ɪ /
226,B,equivalent,adj.,Monophthong,/ ɪ /
227,B,era,n.,Monophthong,/ ɛ /
228,B,erupt,v.,Monophthong,/ ʌ /
229,B,essentially,adv.,Monophthong,/ ɛ /
230,B,ethic,n.,Monophthong,/ ɛ /
231,B,ethnic,adj.,Monophthong,/ ɛ /
232,B,evaluation,n.,Diphthong,/ eɪ /
233,B,evident,adj.,Monophthong,/ ɛ /
234,B,evolution,n.,Monophthong,/ u /
235,B,evolve,v.,Monophthong,/ ɑ /
236,B,exceed,v.,Monophthong,/ i /
237,B,exception,n.,Monophthong,/ ɛ /
238,B,excessive,adj.,Monophthong,/ ɛ /
239,B,exclude,v.,Monophthong,/ u /
240,B,exhibit,v.,Monophthong,/ ɪ /
241,B,exit,n.,Monophthong,/ ɛ /
242,B,exotic,adj.,Monophthong,/ ɑ /
243,B,expansion,n.,Monophthong,/ æ /
244,B,expertise,n.,Monophthong,/ i /
245,B,exploit,v.,Monophthong,/ ɔɪ /
246,B,exposure,n.,Diphthong,/ oʊ /
247,B,extension,n.,Monophthong,/ ɛ /
248,B,extensive,adj.,Monophthong,/ ɛ /
249,B,extensively,adv.,Monophthong,/ ɛ /
250,B,extract,n.,Monophthong,/ ɛ /
251,B,fabric,n.,Monophthong,/ æ /
252,B,fabulous,adj.,Monophthong,/ æ /
253,B,failed,adj.,Diphthong,/ eɪ /
254,B,fake,adj.,Diphthong,/ eɪ /
255,B,fame,n.,Diphthong,/ eɪ /
256,B,fantasy,n.,Monophthong,/ æ /
257,B,fare,n.,Monophthong,/ ɛ /
258,B,federal,adj.,Monophthong,/ ɛ /
259,B,fever,n.,Monophthong,/ i /
260,B,firefighter,n.,Diphthong,/ aɪ /
261,B,firework,n.,Diphthong,/ aɪ /
262,B,firm,adj.,Monophthong,/ ɝ /
263,B,firmly,adv.,Monophthong,/ ɝ /
264,B,flavour,n.,Diphthong,/ eɪ /
265,B,fond,adj.,Monophthong,/ ɑ /
266,B,fool,n.,Monophthong,/ u /
267,B,forbid,v.,Monophthong,/ ɪ /
268,B,forecast,v.,Monophthong,/ ɔ /
269,B,format,n.,Monophthong,/ ɔ /
270,B,formation,n.,Diphthong,/ eɪ /
271,B,formerly,adv.,Monophthong,/ ɔ /
272,B,fortunate,adj.,Monophthong,/ ɔ /
273,B,forum,n.,Monophthong,/ ɔ /
274,B,fossil,n.,Monophthong,/ ɑ /
275,B,foundation,n.,Diphthong,/ eɪ /
276,B,founder,n.,Diphthong,/ aʊ /
277,B,fraction,n.,Monophthong,/ æ /
278,B,fragment,n.,Monophthong,/ æ /
279,B,framework,n.,Diphthong,/ eɪ /
280,B,fraud,n.,Monophthong,/ ɔ /
281,B,freely,adv.,Monophthong,/ i /
282,B,frequent,adj.,Monophthong,/ i /
283,B,fulfil,v.,Monophthong,/ ɪ /
284,B,full-time,adj.,Diphthong,/ aɪ /
285,B,fundamentally,adv.,Monophthong,/ ɛ /
286,B,furious,adj.,Monophthong,/ ʊ /
287,B,gaming,n.,Diphthong,/ eɪ /
288,B,gay,adj.,Diphthong,/ eɪ /
289,B,gender,n.,Monophthong,/ ɛ /
290,B,gene,n.,Monophthong,/ i /
291,B,genetic,adj.,Monophthong,/ ɛ /
292,B,genius,n.,Monophthong,/ i /
293,B,genuine,adj.,Monophthong,/ ɛ /
294,B,genuinely,adv.,Monophthong,/ ɛ /
295,B,gesture,n.,Monophthong,/ ɛ /
296,B,gig,n.,Monophthong,/ ɪ /
297,B,globalization,n.,Diphthong,/ eɪ /
298,B,globe,n.,Diphthong,/ oʊ /
299,B,golden,adj.,Diphthong,/ oʊ /
300,B,goodness,n.,Monophthong,/ ʊ /
301,B,gorgeous,adj.,Monophthong,/ ɔ /
302,B,governor,n.,Monophthong,/ ʌ /
303,B,graphic,adj.,Monophthong,/ æ /
304,B,graphics,n.,Monophthong,/ æ /
305,B,greatly,adv.,Diphthong,/ eɪ /
306,B,greenhouse,n.,Monophthong,/ i /
307,B,grocery,n.,Diphthong,/ oʊ /
308,B,guideline,n.,Diphthong,/ aɪ /
309,B,habitat,n.,Monophthong,/ æ /
310,B,harbor,n.,Monophthong,/ ɑ /
311,B,headquarters,n.,Monophthong,/ ɛ /
312,B,heal,v.,Monophthong,/ i /
313,B,healthcare,n.,Monophthong,/ ɛ /
314,B,helmet,n.,Monophthong,/ ɛ /
315,B,hence,adv.,Monophthong,/ ɛ /
316,B,herb,n.,Monophthong,/ ɝ /
317,B,hidden,adj.,Monophthong,/ ɪ /
318,B,highway,n.,Diphthong,/ aɪ /
319,B,hilarious,adj.,Monophthong,/ ɛ /
320,B,hip,n.,Monophthong,/ ɪ /
321,B,historian,n.,Monophthong,/ ɔ /
322,B,homeless,adj.,Diphthong,/ oʊ /
323,B,honesty,n.,Monophthong,/ ɑ /
324,B,hook,n.,Monophthong,/ ʊ /
325,B,hopefully,adv.,Diphthong,/ oʊ /
326,B,hunger,n.,Monophthong,/ ʌ /
327,B,hypothesis,n.,Monophthong,/ ɑ /
328,B,icon,n.,Diphthong,/ aɪ /
329,B,identical,adj.,Monophthong,/ ɛ /
330,B,illusion,n.,Monophthong,/ u /
331,B,immigration,n.,Diphthong,/ eɪ /
332,B,immune,adj.,Monophthong,/ u /
333,B,implement,v.,Monophthong,/ ɪ /
334,B,implication,n.,Diphthong,/ eɪ /
335,B,incentive,n.,Monophthong,/ ɛ /
336,B,incorporate,v.,Monophthong,/ ɔ /
337,B,incorrect,adj.,Monophthong,/ ɛ /
338,B,independence,n.,Monophthong,/ ɛ /
339,B,index,n.,Monophthong,/ ɪ /
340,B,indication,n.,Diphthong,/ eɪ /
341,B,inevitable,adj.,Monophthong,/ ɛ /
342,B,inevitably,adv.,Monophthong,/ ɛ /
343,B,infer,v.,Monophthong,/ ɝ /
344,B,inflation,n.,Diphthong,/ eɪ /
345,B,info,n.,Monophthong,/ ɪ /
346,B,infrastructure,n.,Monophthong,/ ɪ /
347,B,inhabitant,n.,Monophthong,/ æ /
348,B,inherit,v.,Monophthong,/ ɛ /
349,B,ink,n.,Monophthong,/ ɪ /
350,B,innovation,n.,Diphthong,/ eɪ /
351,B,innovative,adj.,Monophthong,/ ɪ /
352,B,input,n.,Monophthong,/ ɪ /
353,B,insert,v.,Monophthong,/ ɝ /
354,B,inspector,n.,Monophthong,/ ɛ /
355,B,installation,n.,Diphthong,/ eɪ /
356,B,instant,adj.,Monophthong,/ ɪ /
357,B,instantly,adv.,Monophthong,/ ɪ /
358,B,integrate,v.,Monophthong,/ ɪ /
359,B,intellectual,adj.,Monophthong,/ ɛ /
360,B,interact,v.,Monophthong,/ æ /
361,B,interaction,n.,Monophthong,/ æ /
362,B,interpretation,n.,Diphthong,/ eɪ /
363,B,interval,n.,Monophthong,/ ɪ /
364,B,invade,v.,Diphthong,/ eɪ /
365,B,invasion,n.,Diphthong,/ eɪ /
366,B,investor,n.,Monophthong,/ ɛ /
367,B,isolate,v.,Diphthong,/ aɪ /
368,B,isolated,adj.,Diphthong,/ aɪ /
369,B,jail,n.,Diphthong,/ eɪ /
370,B,jet,n.,Monophthong,/ ɛ /
371,B,joint,adj.,Diphthong,/ ɔɪ /
372,B,joint,n.,Diphthong,/ ɔɪ /
373,B,journalism,n.,Monophthong,/ ɝ /
374,B,jury,n.,Monophthong,/ ʊ /
375,B,kit,n.,Monophthong,/ ɪ /
376,B,ladder,n.,Monophthong,/ æ /
377,B,landing,n.,Monophthong,/ æ /
378,B,lane,n.,Diphthong,/ eɪ /
379,B,lately,adv.,Diphthong,/ eɪ /
380,B,leaflet,n.,Monophthong,/ i /
381,B,legend,n.,Monophthong,/ ɛ /
382,B,lens,n.,Monophthong,/ ɛ /
383,B,lifetime,n.,Diphthong,/ aɪ /
384,B,lighting,n.,Diphthong,/ aɪ /
385,B,likewise,adv.,Diphthong,/ aɪ /
386,B,limitation,n.,Diphthong,/ eɪ /
387,B,literally,adv.,Monophthong,/ ɪ /
388,B,literary,adj.,Monophthong,/ ɪ /
389,B,litre,n.,Monophthong,/ i /
390,B,litter,n.,Monophthong,/ ɪ /
391,B,logo,n.,Diphthong,/ oʊ /
392,B,lottery,n.,Monophthong,/ ɑ /
393,B,loyal,adj.,Diphthong,/ ɔɪ /
394,B,lyric,n.,Monophthong,/ ɪ /
395,B,magnificent,adj.,Monophthong,/ ɪ /
396,B,make-up,n.,Diphthong,/ eɪ /
397,B,making,n.,Diphthong,/ eɪ /
398,B,manufacture,v.,Monophthong,/ æ /
399,B,manufacturing,n.,Monophthong,/ æ /
400,B,marathon,n.,Monophthong,/ æ /
401,B,margin,n.,Monophthong,/ ɑ /
402,B,marker,n.,Monophthong,/ ɑ /
403,B,martial,adj.,Monophthong,/ ɑ /
404,B,mate,n.,Diphthong,/ eɪ /
405,B,mate,v.,Diphthong,/ eɪ /
406,B,mayor,n.,Diphthong,/ eɪ /
407,B,mechanic,n.,Monophthong,/ æ /
408,B,mechanical,adj.,Monophthong,/ æ /
409,B,mechanism,n.,Monophthong,/ ɛ /
410,B,medal,n.,Monophthong,/ ɛ /
411,B,medication,n.,Diphthong,/ eɪ /
412,B,membership,n.,Monophthong,/ ɛ /
413,B,memorable,adj.,Monophthong,/ ɛ /
414,B,metaphor,n.,Monophthong,/ ɛ /
415,B,miner,n.,Diphthong,/ aɪ /
416,B,miserable,adj.,Monophthong,/ ɪ /
417,B,mode,n.,Diphthong,/ oʊ /
418,B,modest,adj.,Monophthong,/ ɑ /
419,B,monster,n.,Monophthong,/ ɑ /
420,B,monthly,adj.,Monophthong,/ ʌ /
421,B,monument,n.,Monophthong,/ ɑ /
422,B,moreover,adv.,Diphthong,/ oʊ /
423,B,mortgage,n.,Monophthong,/ ɔ /
424,B,mosque,n.,Monophthong,/ ɑ /
425,B,motion,n.,Diphthong,/ oʊ /
426,B,motivate,v.,Diphthong,/ oʊ /
427,B,motivation,n.,Diphthong,/ oʊ /
428,B,moving,adj.,Monophthong,/ u /
429,B,myth,n.,Monophthong,/ ɪ /
430,B,naked,adj.,Diphthong,/ eɪ /
431,B,nasty,adj.,Monophthong,/ æ /
432,B,navigation,n.,Diphthong,/ eɪ /
433,B,nearby,adj.,Monophthong,/ ɪ /
434,B,nearby,adv.,Monophthong,/ ɪ /
435,B,necessity,n.,Monophthong,/ ɛ /
436,B,negotiate,v.,Diphthong,/ oʊ /
437,B,negotiation,n.,Diphthong,/ eɪ /
438,B,neutral,adj.,Monophthong,/ u /
439,B,newly,adv.,Monophthong,/ u /
440,B,norm,n.,Monophthong,/ ɔ /
441,B,notebook,n.,Diphthong,/ oʊ /
442,B,novelist,n.,Monophthong,/ ɑ /
443,B,nowadays,adv.,Diphthong,/ aʊ /
444,B,nursing,adj.,Monophthong,/ ɝ /
445,B,nutrition,n.,Monophthong,/ ɪ /
446,B,obesity,n.,Diphthong,/ oʊ /
447,B,observer,n.,Monophthong,/ ɝ /
448,B,obstacle,n.,Monophthong,/ ɑ /
449,B,occupation,n.,Diphthong,/ eɪ /
450,B,occupy,v.,Monophthong,/ ɑ /
451,B,offender,n.,Monophthong,/ ɛ /
452,B,ongoing,adj.,Monophthong,/ ɑ /
453,B,openly,adv.,Diphthong,/ oʊ /
454,B,opera,n.,Monophthong,/ ɑ /
455,B,operator,n.,Monophthong,/ ɑ /
456,B,optimistic,adj.,Monophthong,/ ɪ /
457,B,orchestra,n.,Monophthong,/ ɔ /
458,B,organic,adj.,Monophthong,/ æ /
459,B,outfit,n.,Diphthong,/ aʊ /
460,B,output,n.,Diphthong,/ aʊ /
461,B,outstanding,adj.,Diphthong,/ aʊ /
462,B,overcome,v.,Monophthong,/ ʌ /
463,B,overnight,adv.,Diphthong,/ aɪ /
464,B,overseas,adv.,Monophthong,/ i /
465,B,overseas,adj.,Monophthong,/ i /
466,B,ownership,n.,Diphthong,/ oʊ /
467,B,oxygen,n.,Monophthong,/ ɑ /
468,B,packet,n.,Monophthong,/ æ /
469,B,palm,n.,Monophthong,/ ɑ /
470,B,panic,n.,Monophthong,/ æ /
471,B,parade,n.,Diphthong,/ eɪ /
472,B,parallel,adj.,Monophthong,/ æ /
473,B,parallel,n.,Monophthong,/ æ /
474,B,participation,n.,Diphthong,/ eɪ /
475,B,partnership,n.,Monophthong,/ ɑ /
476,B,part-time,adj.,Diphthong,/ aɪ /
477,B,part-time,adv.,Diphthong,/ aɪ /
478,B,passionate,adj.,Monophthong,/ æ /
479,B,password,n.,Monophthong,/ æ /
480,B,patience,n.,Diphthong,/ eɪ /
481,B,pause,v.,Monophthong,/ ɔ /
482,B,pause,n.,Monophthong,/ ɔ /
483,B,peer,n.,Monophthong,/ ɪ /
484,B,penalty,n.,Monophthong,/ ɛ /
485,B,perceive,v.,Monophthong,/ i /
486,B,perception,n.,Monophthong,/ ɛ /
487,B,permanently,adv.,Monophthong,/ ɝ /
488,B,pill,n.,Monophthong,/ ɪ /
489,B,pity,n.,Monophthong,/ ɪ /
490,B,placement,n.,Diphthong,/ eɪ /
491,B,portion,n.,Monophthong,/ ɔ /
492,B,potentially,adv.,Monophthong,/ ɛ /
493,B,precede,v.,Monophthong,/ i /
494,B,precious,adj.,Monophthong,/ ɛ /
495,B,precise,adj.,Diphthong,/ aɪ /
496,B,precisely,adv.,Diphthong,/ aɪ /
497,B,predictable,adj.,Monophthong,/ ɪ /
498,B,preference,n.,Monophthong,/ ɛ /
499,B,pride,n.,Diphthong,/ aɪ /
500,B,primarily,adv.,Monophthong,/ ɛ /
501,B,principal,adj.,Monophthong,/ ɪ /
502,B,prior,adj.,Diphthong,/ aɪ /
503,B,probability,n.,Monophthong,/ ɪ /
504,B,probable,adj.,Monophthong,/ ɑ /
505,B,proceed,v.,Monophthong,/ i /
506,B,programming,n.,Diphthong,/ oʊ /
507,B,progressive,adj.,Monophthong,/ ɛ /
508,B,prohibit,v.,Monophthong,/ ɪ /
509,B,promising,adj.,Monophthong,/ ɑ /
510,B,promotion,n.,Diphthong,/ oʊ /
511,B,prompt,v.,Monophthong,/ ɑ /
512,B,proportion,n.,Monophthong,/ ɔ /
513,B,protein,n.,Diphthong,/ oʊ /
514,B,protester,n.,Diphthong,/ oʊ /
515,B,psychological,adj.,Diphthong,/ aɪ /
516,B,publicity,n.,Monophthong,/ ɪ /
517,B,publishing,n.,Monophthong,/ ʌ /
518,B,punk,n.,Monophthong,/ ʌ /
519,B,purely,adv.,Monophthong,/ ʊ /
520,B,pursuit,n.,Monophthong,/ u /
521,B,puzzle,n.,Monophthong,/ ʌ /
522,B,questionnaire,n.,Monophthong,/ ɛ /
523,B,racial,adj.,Diphthong,/ eɪ /
524,B,racism,n.,Diphthong,/ eɪ /
525,B,racist,n.,Diphthong,/ eɪ /
526,B,radiation,n.,Diphthong,/ eɪ /
527,B,rail,n.,Diphthong,/ eɪ /
528,B,random,adj.,Monophthong,/ æ /
529,B,rat,n.,Monophthong,/ æ /
530,B,rating,n.,Diphthong,/ eɪ /
531,B,reasonably,adv.,Monophthong,/ i /
532,B,rebuild,v.,Monophthong,/ ɪ /
533,B,receiver,n.,Monophthong,/ i /
534,B,recession,n.,Monophthong,/ ɛ /
535,B,reckon,v.,Monophthong,/ ɛ /
536,B,recognition,n.,Monophthong,/ ɪ /
537,B,recovery,n.,Monophthong,/ ʌ /
538,B,recruit,v.,Monophthong,/ u /
539,B,recruit,n.,Monophthong,/ u /
540,B,recruitment,n.,Monophthong,/ u /
541,B,referee,n.,Monophthong,/ i /
542,B,refugee,n.,Monophthong,/ i /
543,B,registration,n.,Diphthong,/ eɪ /
544,B,regulate,v.,Monophthong,/ ɛ /
545,B,reinforce,v.,Monophthong,/ ɔ /
546,B,relieve,v.,Monophthong,/ i /
547,B,relieved,adj.,Monophthong,/ i /
548,B,remarkable,adj.,Monophthong,/ ɑ /
549,B,remarkably,adv.,Monophthong,/ ɑ /
550,B,reporting,n.,Monophthong,/ ɔ /
551,B,resign,v.,Diphthong,/ aɪ /
552,B,resolution,n.,Monophthong,/ u /
553,B,restore,v.,Monophthong,/ ɔ /
554,B,restrict,v.,Monophthong,/ ɪ /
555,B,restriction,n.,Monophthong,/ ɪ /
556,B,retail,n.,Monophthong,/ i /
557,B,retirement,n.,Diphthong,/ aɪ /
558,B,revenue,n.,Monophthong,/ ɛ /
559,B,revision,n.,Monophthong,/ ɪ /
560,B,ridiculous,adj.,Monophthong,/ ɪ /
561,B,risky,adj.,Monophthong,/ ɪ /
562,B,rival,n.,Diphthong,/ aɪ /
563,B,rival,adj.,Diphthong,/ aɪ /
564,B,rob,v.,Monophthong,/ ɑ /
565,B,robbery,n.,Monophthong,/ ɑ /
566,B,rocket,n.,Monophthong,/ ɑ /
567,B,romance,n.,Diphthong,/ oʊ /
568,B,rose,n.,Diphthong,/ oʊ /
569,B,roughly,adv.,Monophthong,/ ʌ /
570,B,ruin,v.,Monophthong,/ u /
571,B,ruin,n.,Monophthong,/ u /
572,B,satisfaction,n.,Monophthong,/ æ /
573,B,scandal,n.,Monophthong,/ æ /
574,B,scare,v.,Monophthong,/ ɛ /
575,B,scare,n.,Monophthong,/ ɛ /
576,B,scenario,n.,Monophthong,/ ɛ /
577,B,scholar,n.,Monophthong,/ ɑ /
578,B,scholarship,n.,Monophthong,/ ɑ /
579,B,scratch,v.,Monophthong,/ æ /
580,B,scratch,n.,Monophthong,/ æ /
581,B,screening,n.,Monophthong,/ i /
582,B,seeker,n.,Monophthong,/ i /
583,B,seminar,n.,Monophthong,/ ɛ /
584,B,settler,n.,Monophthong,/ ɛ /
585,B,severely,adv.,Monophthong,/ ɪ /
586,B,sexy,adj.,Monophthong,/ ɛ /
587,B,shaped,adj.,Diphthong,/ eɪ /
588,B,shocking,adj.,Monophthong,/ ɑ /
589,B,shore,n.,Monophthong,/ ɔ /
590,B,shortage,n.,Monophthong,/ ɔ /
591,B,shortly,adv.,Monophthong,/ ɔ /
592,B,short-term,adj.,Monophthong,/ ɝ /
593,B,sibling,n.,Monophthong,/ ɪ /
594,B,signature,n.,Monophthong,/ ɪ /
595,B,significance,n.,Monophthong,/ ɪ /
596,B,skilled,adj.,Monophthong,/ ɪ /
597,B,skull,n.,Monophthong,/ ʌ /
598,B,slogan,n.,Diphthong,/ oʊ /
599,B,so-called,adj.,Monophthong,/ ɔ /
600,B,somehow,adv.,Monophthong,/ ʌ /
601,B,sometime,adv.,Monophthong,/ ʌ /
602,B,sophisticated,adj.,Monophthong,/ ɪ /
603,B,spare,adj.,Monophthong,/ ɛ /
604,B,specialize,v.,Monophthong,/ ɛ /
605,B,specify,v.,Monophthong,/ ɛ /
606,B,spectacular,adj.,Monophthong,/ æ /
607,B,spectator,n.,Monophthong,/ ɛ /
608,B,speculate,v.,Monophthong,/ ɛ /
609,B,speculation,n.,Diphthong,/ eɪ /
610,B,spice,n.,Diphthong,/ aɪ /
611,B,spill,v.,Monophthong,/ ɪ /
612,B,spite,n.,Diphthong,/ aɪ /
613,B,spoil,v.,Diphthong,/ ɔɪ /
614,B,spokesman,n.,Diphthong,/ oʊ /
615,B,spokesperson,n.,Diphthong,/ oʊ /
616,B,spokeswoman,n.,Diphthong,/ oʊ /
617,B,sponsorship,n.,Monophthong,/ ɑ /
618,B,sporting,adj.,Monophthong,/ ɔ /
619,B,stall,n.,Monophthong,/ ɔ /
620,B,stance,n.,Monophthong,/ æ /
621,B,starve,v.,Monophthong,/ ɑ /
622,B,steadily,adv.,Monophthong,/ ɛ /
623,B,steam,n.,Monophthong,/ i /
624,B,stimulate,v.,Monophthong,/ ɪ /
625,B,strengthen,v.,Monophthong,/ ɛ /
626,B,strictly,adv.,Monophthong,/ ɪ /
627,B,stroke,n.,Diphthong,/ oʊ /
628,B,stunning,adj.,Monophthong,/ ʌ /
629,B,subsequent,adj.,Monophthong,/ ʌ /
630,B,subsequently,adv.,Monophthong,/ ʌ /
631,B,suburb,n.,Monophthong,/ ʌ /
632,B,suffering,n.,Monophthong,/ ʌ /
633,B,sufficient,adj.,Monophthong,/ ɪ /
634,B,sufficiently,adv.,Monophthong,/ ɪ /
635,B,super,adj.,Monophthong,/ u /
636,B,surgeon,n.,Monophthong,/ ɝ /
637,B,survival,n.,Diphthong,/ aɪ /
638,B,survivor,n.,Diphthong,/ aɪ /
639,B,suspend,v.,Monophthong,/ ɛ /
640,B,sustainable,adj.,Diphthong,/ eɪ /
641,B,swallow,v.,Monophthong,/ ɑ /
642,B,sympathetic,adj.,Monophthong,/ ɛ /
643,B,tackle,v.,Monophthong,/ æ /
644,B,tag,n.,Monophthong,/ æ /
645,B,tag,v.,Monophthong,/ æ /
646,B,tap,v.,Monophthong,/ æ /
647,B,tap,n.,Monophthong,/ æ /
648,B,technological,adj.,Monophthong,/ ɑ /
649,B,teens,n.,Monophthong,/ i /
650,B,temple,n.,Monophthong,/ ɛ /
651,B,temporarily,adv.,Monophthong,/ ɛ /
652,B,tendency,n.,Monophthong,/ ɛ /
653,B,tension,n.,Monophthong,/ ɛ /
654,B,terminal,n.,Monophthong,/ ɝ /
655,B,terms,n.,Monophthong,/ ɝ /
656,B,terribly,adv.,Monophthong,/ ɛ /
657,B,terrify,v.,Monophthong,/ ɛ /
658,B,territory,n.,Monophthong,/ ɛ /
659,B,terror,n.,Monophthong,/ ɛ /
660,B,terrorism,n.,Monophthong,/ ɛ /
661,B,terrorist,n.,Monophthong,/ ɛ /
662,B,testing,n.,Monophthong,/ ɛ /
663,B,textbook,n.,Monophthong,/ ɛ /
664,B,theft,n.,Monophthong,/ ɛ /
665,B,therapist,n.,Monophthong,/ ɛ /
666,B,thesis,n.,Monophthong,/ i /
667,B,thorough,adj.,Monophthong,/ ɛ /
668,B,thoroughly,adv.,Monophthong,/ ɛ /
669,B,thumb,n.,Monophthong,/ ʌ /
670,B,timing,n.,Diphthong,/ aɪ /
671,B,tissue,n.,Monophthong,/ ɪ /
672,B,ton,n.,Monophthong,/ ʌ /
673,B,tonne,n.,Monophthong,/ ʌ /
674,B,tournament,n.,Monophthong,/ ʊ /
675,B,trace,v.,Diphthong,/ eɪ /
676,B,trading,n.,Diphthong,/ eɪ /
677,B,tragedy,n.,Monophthong,/ æ /
678,B,tragic,adj.,Monophthong,/ æ /
679,B,trait,n.,Diphthong,/ eɪ /
680,B,transmit,v.,Monophthong,/ ɪ /
681,B,transportation,n.,Diphthong,/ eɪ /
682,B,trap,v.,Monophthong,/ æ /
683,B,trap,n.,Monophthong,/ æ /
684,B,treasure,n.,Monophthong,/ ɛ /
685,B,tribe,n.,Diphthong,/ aɪ /
686,B,trigger,v.,Monophthong,/ ɪ /
687,B,trillion,num.,Monophthong,/ ɪ /
688,B,troop,n.,Monophthong,/ u /
689,B,tsunami,n.,Monophthong,/ ɑ /
690,B,ultimate,adj.,Monophthong,/ ʌ /
691,B,unacceptable,adj.,Monophthong,/ ɛ /
692,B,uncertainty,n.,Monophthong,/ ɝ /
693,B,undergo,v.,Diphthong,/ oʊ /
694,B,undertake,v.,Diphthong,/ eɪ /
695,B,unfold,v.,Diphthong,/ oʊ /
696,B,unfortunate,adj.,Monophthong,/ ɔ /
697,B,unite,v.,Diphthong,/ aɪ /
698,B,unity,n.,Monophthong,/ u /
699,B,universal,adj.,Monophthong,/ ɝ /
700,B,urgent,adj.,Monophthong,/ ɝ /
701,B,usage,n.,Monophthong,/ u /
702,B,useless,adj.,Monophthong,/ u /
703,B,valid,adj.,Monophthong,/ æ /
704,B,variation,n.,Diphthong,/ eɪ /
705,B,vertical,adj.,Monophthong,/ ɝ /
706,B,viewpoint,n.,Monophthong,/ u /
707,B,visa,n.,Monophthong,/ i /
708,B,visible,adj.,Monophthong,/ ɪ /
709,B,voluntary,adj.,Monophthong,/ ɑ /
710,B,voting,n.,Diphthong,/ oʊ /
711,B,wander,v.,Monophthong,/ ɑ /
712,B,warming,n.,Monophthong,/ ɔ /
713,B,weekly,adj.,Monophthong,/ i /
714,B,weird,adj.,Monophthong,/ ɪ /
715,B,welfare,n.,Monophthong,/ ɛ /
716,B,wheat,n.,Monophthong,/ i /
717,B,whoever,pron.,Monophthong,/ ɛ /
718,B,widespread,adj.,Diphthong,/ ɛ /
719,B,wisdom,n.,Monophthong,/ ɪ /
720,B,withdraw,v.,Monophthong,/ ɔ /
721,B,workforce,n.,Monophthong,/ ɝ /
722,B,workplace,n.,Monophthong,/ ɝ /
723,B,workshop,n.,Monophthong,/ ɝ /
724,B,worm,n.,Monophthong,/ ɝ /
725,B,wrist,n,Monophthong,/ ɪ /
